city,in_study_set,n_train_cities,n_test_rows,r2,rmse,mae
Adilabad,False,542,61,0.8756397342837747,4.097397671551177,3.096278190612793
Agar,False,542,61,0.9430416085470961,4.742124352828124,3.3461523056030273
Agra,False,542,61,0.8586809476967822,7.386953203907464,5.349591255187988
Ahmadnagar,False,542,61,0.9083223166132841,4.748305168956505,3.5773282051086426
Aizawl,False,542,61,0.6704240633485979,2.1340544162451343,1.1689181327819824
Ajmer,False,542,61,0.888663839434213,6.205024332372278,4.6590704917907715
Akola,False,542,61,0.8848004475668869,4.976988290630023,3.9945590496063232
Alappuzha,False,542,61,-0.13391835446417222,3.7068995300623624,2.979914426803589
Aligarh,False,542,61,0.8734429597070678,6.701723178921562,5.077770709991455
Alirajpur,False,542,61,0.9257351224681278,5.0707368129466035,3.880707263946533
Allahabad,False,542,61,0.8498379230152997,6.723139123237757,4.928366661071777
Almora,False,542,61,0.7667164325084789,6.837186548834575,4.95090913772583
Alwar,False,542,61,0.9492825769753339,4.912109180852382,3.9139516353607178
Ambala,False,542,61,0.8671773461842165,5.671992024877453,4.324095726013184
Amethi,False,542,61,0.836589195483497,4.972870659532132,3.8578860759735107
Amravati,False,542,61,0.8878687919787454,4.784841945991541,3.695610523223877
Amreli,False,542,61,0.8695743262451107,5.918768639217945,4.354572772979736
Amritsar,False,542,61,0.3681494851209016,5.275796094365408,4.049487113952637
Anand,False,542,61,0.9140860157227596,5.251603381228486,3.538562536239624
Anantapur,False,542,61,0.49559825842873806,7.34886556161729,5.777570724487305
Anantnag,False,542,60,0.8381191641000859,6.123255267087758,4.722455978393555
Anugul,False,542,61,0.8105962394456387,3.9906755484513914,2.921273708343506
Anuppur,False,542,61,0.877334130947312,5.24724615623482,3.195798397064209
Araria,False,542,61,0.6842657357297077,4.958413558866581,3.684566020965576
Ariyalur,False,542,61,0.30699038468779416,5.814297633963913,4.710545063018799
Arong,False,542,61,-3.5989968507402077,7.420037293044812,6.937954425811768
Arwal,False,542,61,0.1136421746450279,6.513456939857133,5.035952091217041
Ashoknagar,False,542,61,0.9046005878760567,6.024026765214243,4.331404209136963
Auraiya,False,542,61,0.8467051333951587,7.371474894507973,5.45670223236084
Aurangabad,False,542,61,0.8949632507772676,5.190304101696818,3.9802048206329346
Azamgarh,False,542,61,0.8915689291822215,4.826971712606843,3.854013442993164
Badgam,False,542,61,0.8282707187197534,6.63909047067684,4.971348285675049
Bagalkot,False,542,61,0.8687112764664914,5.38574369262785,3.933973550796509
Bageshwar,False,542,61,0.7646136764182975,6.979009218480146,5.356764316558838
Baghpat,False,542,61,0.7705905173569405,5.879792875936704,4.439670085906982
Bahraich,False,542,61,0.8318889254256058,5.113800838407043,3.753720998764038
Baksa Duar,False,542,61,0.8222512437945725,5.88642259851438,4.478405475616455
Balaghat,False,542,61,0.8720247999506459,4.161394191179188,2.9979045391082764
Balangir,False,542,61,0.8335076617241814,3.091997054578555,2.2623443603515625
Baleshwar,False,542,61,0.6622652152506155,4.246560668540681,3.186873435974121
Ballia,False,542,61,0.8753773620129326,4.862461888181096,3.8616302013397217
Balod,False,542,61,0.8940506565722687,3.401818288526278,2.6313631534576416
Baloda Bazar,False,542,61,0.8653060047192093,4.765603987850707,3.338562488555908
Balrampur,False,542,61,0.8215001544059164,5.108264487436844,4.136923313140869
Banda,False,542,61,0.8355839771146456,7.779093125548571,5.139159679412842
Bangalore,True,542,68,0.6580741648861148,4.125411273220862,2.9743616580963135
Banka,False,542,61,0.8408483340385942,4.653766763571385,3.503880739212036
Bankura,False,542,61,0.9125583421463891,3.909275317731748,2.8964123725891113
Banswara,False,542,61,0.9299835309884178,5.425454313179177,3.964932918548584
Bara Banki,False,542,61,0.5754230288077532,5.679374843633933,3.974386692047119
Baramula,False,542,61,0.7278440530281179,7.16901894341785,5.700496196746826
Baran,False,542,61,0.9216111851172497,5.505378520816775,4.250592231750488
Barddhaman,False,542,89,0.8816534256428034,4.113779934380392,3.1209287643432617
Bareilly,False,542,61,0.6884641081014597,9.010811987052866,6.009739398956299
Bargarh,False,542,61,0.9324929129444562,2.7876492721207717,2.1399149894714355
Barmer,False,542,61,0.7712513841299038,8.387003481135448,6.582113742828369
Barnala,False,542,61,0.8668378039900417,6.9347253698030356,5.476436614990234
Barpeta,False,542,61,0.6628399738861587,2.7823301639461904,2.1878774166107178
Barwani,False,542,61,0.9491049341184228,4.459633658378607,3.253265857696533
Bastar,False,542,61,0.8000251381476009,3.8684149133269545,2.7586147785186768
Basti,False,542,61,0.8825593989203873,4.869771060458018,3.601396322250366
Baudh,False,542,61,0.8134164707509193,3.9608533500445433,2.8710622787475586
Begusarai,False,542,61,0.8666534080301053,4.311392158073566,3.3714969158172607
Belgaum,False,542,61,0.8448245180354257,5.337061929704761,3.3156728744506836
Bellary,False,542,61,0.6903859781122131,6.233425899913067,4.314408302307129
Betul,False,542,61,0.9184881949270253,4.680816972615777,3.5239675045013428
Bhabua,False,542,61,0.8820398506967382,4.6674199631647495,3.528662919998169
Bhadohi,False,542,61,0.849006721087347,6.26434510969186,4.227827072143555
Bhadrak,False,542,61,0.5183689575782227,4.616423206359534,3.5410971641540527
Bhagalpur,False,542,61,0.8292360594013337,5.0237252967229,3.7569820880889893
Bhandara,False,542,61,0.8746384652594275,4.425186480886992,3.38173246383667
Bharatpur,False,542,61,0.9064489356575661,6.181392545377524,4.763064384460449
Bharuch,False,542,61,0.9134288536563228,5.319638112888847,3.67543888092041
Bhavnagar,False,542,61,0.8407339759282032,5.147828223800103,3.8463919162750244
Bhilwara,False,542,61,0.90123832964697,6.340795270458212,4.761973857879639
Bhind,False,542,61,0.9043105105309321,5.795330325068637,4.535758018493652
Bhiwani,False,542,61,0.8956104973353862,6.121473581765739,4.609586238861084
Bhojpur,False,542,61,0.8757454193802388,3.8346033203992422,2.621302366256714
Bhopal,False,542,61,0.9249269568623071,5.0082036429490415,3.4250338077545166
Bid,False,542,61,0.9037121615160821,4.208777048620552,3.397707939147949
Bidar,False,542,61,0.8455322237487595,4.203058291902095,3.454925537109375
Bijapur,False,542,61,0.8960028199809192,5.129014652498274,3.6787004470825195
Bijnor,False,542,61,0.8315826875440753,6.648043879725661,4.994330406188965
Bikaner,False,542,61,0.7281154648081338,7.727383252745683,5.926766872406006
Bilaspur,False,542,61,0.866323939381089,4.650738212479876,3.4025211334228516
Bishnupur,False,542,61,0.5245439778468316,3.486711890205133,2.6622371673583984
Biswanath,False,542,61,0.8371433740871028,3.430215642840006,2.619591474533081
Bokaro,False,542,61,0.8880996340791173,4.117289880279497,3.2091689109802246
Bongaigaon,False,542,61,0.6497471370902395,2.8358382951183185,2.208110809326172
Budaun,False,542,61,0.7677267140296489,8.478700317255246,6.06687068939209
Buddha Gaya,False,542,61,0.5788030633380867,5.9649914796293535,4.49813175201416
Bulandshahr,False,542,61,0.8805714180816621,6.349939493206437,4.868069648742676
Buldana,False,542,61,0.8930139691706064,5.535391254053251,4.432882785797119
Bundi,False,542,61,0.9280837929127708,5.054577126101258,3.887845993041992
Burhanpur,False,542,61,0.9057454166458893,5.1257675340489595,3.753269672393799
Buxar,False,542,61,0.8607795578369581,4.982373065776704,3.9052436351776123
Chamba,False,542,61,0.8015224893629816,6.160132718328549,5.016152381896973
Chamoli,False,542,61,0.8542965136950351,5.173803978154769,4.320350646972656
Champawat,False,542,61,0.7217035533313888,5.249899545344277,4.272872447967529
Chandauli,False,542,61,0.8545079919830851,5.460529361257145,4.19642448425293
Chandel,False,542,61,0.7101361052758692,4.177611789269178,3.0291268825531006
Chandigarh,False,542,61,0.8517421235242323,5.891326619667222,4.565545082092285
Chandrapur,False,542,61,0.8866641753919804,3.8383575077816743,3.058732748031616
Chatra,False,542,61,0.539082311380241,5.996129058833336,4.4308905601501465
Chennai,True,542,61,-0.031039427180545642,3.487707622733007,2.7655603885650635
Chhatarpur,False,542,61,0.8815704862989681,6.6132893255266705,4.808286190032959
Chhindwara,False,542,61,0.8645765172281873,5.6553207392847815,4.191032886505127
Chikmagalur,False,542,61,0.8866790013958247,4.337626140420313,2.7647948265075684
Chitradurga,False,542,61,0.8275288302949753,6.186939560911444,4.6455464363098145
Chittaurgarh,False,542,61,0.9082265942924374,6.197501682098148,4.645686149597168
Chittoor,False,542,61,0.6851699560608767,5.3331666960115065,4.264193534851074
Churachandpur,False,542,61,0.45022508383889914,1.3906967487470832,0.8959260582923889
Churu,False,542,61,0.8644022454076812,6.304818191024623,4.62584114074707
Coimbatore,False,542,61,0.18147893949861582,4.866495392454939,3.6602978706359863
Cuddalore,False,542,61,0.07312060860921332,4.97984122118937,3.967409372329712
Cuttack,False,542,61,0.4688768166673507,4.0872851860692005,3.032106399536133
Dadra,False,542,61,0.9456505135308667,3.4774762613677845,2.666163921356201
Daman,False,542,61,0.9448330895674123,3.728904899630491,2.8026676177978516
Damoh,False,542,61,0.8907766976046271,5.659006701006901,3.6673498153686523
Darbhanga,False,542,61,0.796925967209876,4.9130804053897,3.9673306941986084
Darjiling,False,542,61,0.7102598787981842,5.551736425997726,4.02750825881958
Darrang,False,542,61,0.6152532445741443,2.5872034391282437,1.7846111059188843
Datia,False,542,61,0.9297203854620718,5.275608638705971,3.8279054164886475
Dausa,False,542,61,0.7653641234410844,7.345923828444626,5.770555019378662
Dehradun,False,542,61,0.7889803548945896,5.704633455796282,4.544897556304932
Deoghar,False,542,61,0.861296747754067,5.120257905186515,3.5617570877075195
Deoria,False,542,61,0.8126770111453081,5.6514462468279865,4.211338520050049
Dewas,False,542,61,0.8893065083863295,5.879437333258421,4.451485633850098
Dhalai,False,542,61,0.4781965008679787,2.8625723883791894,1.8876808881759644
Dhamtari,False,542,61,0.8985773370482781,3.3283536590683966,2.5851080417633057
Dhanbad,False,542,61,0.8905085685736944,4.551170600967549,3.2717125415802
Dhar,False,542,61,0.8705021193066868,6.472028260969742,4.7602128982543945
Dharmanagar,False,542,73,0.38361772615065604,3.1049529408990653,2.079298734664917
Dharmapuri,False,542,61,0.4813197903926113,5.91717294308927,3.963028907775879
Dharwad,False,542,61,0.9015238768318544,5.315538322912696,3.898897647857666
Dhaulpur,False,542,61,0.897684813209023,6.10212359125887,4.6485066413879395
Dhemaji,False,542,61,0.7377956287328364,3.0060424352354915,2.04597544670105
Dhenkanal,False,542,61,0.47797050639088834,4.811560997449552,3.3517885208129883
Dhubri,False,542,61,0.6613157891860653,3.3044589349149223,2.55659818649292
Dhule,False,542,61,0.919920220157546,4.322718800378812,3.3296868801116943
Dibrugarh,False,542,61,0.7359767060691284,3.0743260831405825,2.102045774459839
Dimapur,False,542,61,0.6175395168335476,2.4653696989255733,1.8458434343338013
Dindigul,False,542,61,0.4393477049090043,4.201557760636738,3.3138246536254883
Dindori,False,542,61,0.7985597634035406,6.16619967505247,3.8395636081695557
Diu,False,542,61,0.615710514604472,5.121805823873152,3.653453826904297
Doda,False,542,61,0.8349529660018292,5.900200869486815,4.6456193923950195
Dohad,False,542,61,0.9399472885245531,4.870135692609469,3.878981351852417
Dumka,False,542,61,0.8645427524640369,4.888758293969988,3.484819173812866
Dungarpur,False,542,61,0.930380938535123,5.421656535471705,4.046825408935547
Durg,False,542,61,0.8545257425223964,5.01045811795267,3.4238522052764893
Dwarka,False,542,61,0.002147321313818562,5.356424392478519,4.1879472732543945
East Godavari,False,542,103,0.6734289148830928,4.387278085514273,3.2491672039031982
Ernakulam,False,542,61,-0.2197629687633158,3.5768114369137236,2.6988258361816406
Erode,False,542,61,0.4927492807096162,4.144120033278443,3.3155577182769775
Etah,False,542,61,0.8791902079362911,6.048426387208049,4.356738567352295
Etawah,False,542,61,0.9021678834748172,5.831478187209517,4.847393989562988
Faizabad,False,542,61,0.853819719283307,5.86410128394865,4.312135696411133
Faridabad,False,542,61,0.7560811055744299,6.928499448961356,5.010756969451904
Faridkot,False,542,61,0.8415597237686125,7.575193990609173,5.781444549560547
Farrukhabad,False,542,61,0.7886097048195688,7.592727152692527,5.161779880523682
Fatehabad,False,542,61,0.8574548515417649,7.393920679774624,6.1085896492004395
Fatehgarh Sahib,False,542,61,0.9219240410882473,5.099602455651664,4.100008487701416
Fatehpur,False,542,61,0.8340722005652977,6.602360170466062,5.391589641571045
Fazilka,False,542,61,0.7845554649145543,8.417143502907335,6.6789164543151855
Firozabad,False,542,61,0.8773614256154486,6.671877001152364,5.081073760986328
Firozpur,False,542,61,0.8551214554765768,7.041710426450414,5.427095890045166
Gadag,False,542,61,0.9300647203631699,4.4496611391126955,3.33270263671875
Ganderbal,False,542,61,0.8267953739435508,6.667547676365094,4.978678226470947
Gandhinagar,False,542,61,0.6342481174208494,5.829273591368597,4.389209270477295
Ganganagar,False,542,61,0.7742126025619961,7.941019794688757,6.199939727783203
Ganjam,False,542,61,0.4805922874491694,4.586586901355574,3.1536576747894287
Garhwa,False,542,61,0.8731807230165943,4.573551953561239,3.598121404647827
Garhwal,False,542,61,0.7662997171796306,6.934958052394879,5.163531303405762
Gariaband,False,542,61,0.8180015066126796,3.942299234119954,2.8571622371673584
Gaya,False,542,61,0.5859740370077047,6.341489191700719,4.890933036804199
Ghaziabad,False,542,61,0.7515068206715885,6.204445186774043,4.697871208190918
Ghazipur,False,542,61,0.8975787681609657,4.497155880191634,3.3307459354400635
Giridih,False,542,61,0.8653227978456433,4.860645974324783,3.5573947429656982
Goa,False,542,63,0.6243480779030174,4.2230828534651605,3.1051065921783447
Goalpara,False,542,61,0.6457396958953907,2.8528498004000453,2.2449681758880615
Godda,False,542,61,0.8375314808162071,4.702010621520085,3.489773750305176
Golaghat,False,542,61,0.42368741353815476,2.1420802161176677,1.5344398021697998
Gonda,False,542,61,0.8597718298656793,5.371043678743882,4.088751316070557
Gopalganj,False,542,61,0.8530016126281971,4.670959995445554,3.8450465202331543
Gorakhpur,False,542,61,0.8588366288417482,7.320272634880111,5.833581924438477
Gulbarga,False,542,61,0.8581101965644953,4.236343207888663,3.255095958709717
Gumla,False,542,61,0.8701665665195619,4.312802953721275,2.9296140670776367
Guna,False,542,61,0.9183071678892815,5.585250790940822,4.205367565155029
Guntur,False,542,61,0.39808780312171277,4.6653586779837495,3.5883514881134033
Gurdaspur,False,542,61,0.7722668815247616,6.720278827695519,5.487298011779785
Gurgaon,False,542,61,0.7353512494327195,7.267418818379624,5.185673713684082
Gwalior,False,542,61,0.8936859542645801,6.549932744503529,4.753664493560791
Hailakandi,False,542,61,0.4566184552936434,3.030300817633312,1.9294759035110474
Hamirpur,False,542,61,0.85460654078844,7.401061224234876,5.409327983856201
Hanumangarh,False,542,61,0.8164726189213468,7.173010775653866,5.5859808921813965
Haora,False,542,61,0.5187067648466408,3.5080498358080225,2.650869369506836
Hapur,False,542,61,0.844585851066544,7.136483558658831,5.407736301422119
Harda,False,542,61,0.943298595382175,3.917301505293411,2.7960896492004395
Hardoi,False,542,61,0.8738129432770969,5.893587293431967,4.201536655426025
Hardwar,False,542,61,0.788955491437843,5.5561907701800335,4.572178840637207
Hassan,False,542,60,0.8058671553260774,5.222791557299695,3.354562282562256
Haveri,False,542,61,0.8505118109069959,5.698047290074195,4.034712791442871
Hazaribagh,False,542,61,0.8199163845760016,4.845005389546171,3.5582242012023926
Hingoli,False,542,61,0.879418617715737,4.587652818176955,3.2336368560791016
Hisar,False,542,61,0.8684325301934015,6.897977681890071,5.45692253112793
Hojai,False,542,61,0.08207238922862725,2.4746298002560767,1.8051493167877197
Hoshangabad,False,542,61,0.9012267399888892,5.164901780619103,3.784524440765381
Hoshiarpur,False,542,61,0.872770170423679,5.350735565672256,4.206684112548828
Hugli,False,542,61,0.5162726209457298,3.539018575972596,2.676356077194214
Idukki,False,542,61,-0.3009545043258244,2.6202930756806033,2.1325843334198
Imphal,False,542,62,0.5901970283076767,1.8209750561878049,1.3609081506729126
Indore,False,542,61,0.8834127175983058,6.027862388067798,4.4604902267456055
Jabalpur,False,542,61,0.854692689017662,5.677658453224763,3.907416582107544
Jagatsinghapur,False,542,61,0.47233086806026914,4.091340265767208,2.9900143146514893
Jagtial,False,542,61,0.8989378729747325,3.553476919764545,2.873643159866333
Jaipur,True,542,61,0.7832779420327564,7.059935787870696,5.524158954620361
Jaisalmer,False,542,61,0.7187168431836798,8.903929933558482,6.806368350982666
Jalandhar,False,542,61,0.8925039355536216,5.413155792187507,4.182132720947266
Jalaun,False,542,61,0.8835031117661897,6.597647288052676,4.922118186950684
Jalgaon,False,542,61,0.8850357963022358,5.139390977038833,4.105917453765869
Jalna,False,542,61,0.8607462597844538,5.303059885842515,4.222235202789307
Jalor,False,542,61,0.9173449808717732,5.2303248892067185,4.327581882476807
Jalpaiguri,False,542,61,0.7631471255711089,4.213440443158298,3.3301546573638916
Jammu,False,542,61,0.8580917170000646,5.392674683919106,4.018661022186279
Jamnagar,False,542,61,0.7184668163714221,5.752840087068544,3.9895517826080322
Jamtara,False,542,61,0.9091177829910697,4.030209429200037,3.053298234939575
Jamui,False,542,61,0.7942317180032714,5.4425491918146465,4.065901279449463
Jangaon,False,542,61,0.8463699520816917,4.102391331806636,3.047886610031128
Janjgir,False,542,61,0.871169644482922,4.66071878317129,3.267940044403076
Jashpur,False,542,61,0.8711510216109741,4.304432939316995,2.891704559326172
Jaunpur,False,542,61,0.8789185925452214,5.60404132386137,4.143076419830322
Jhabua,False,542,61,0.935585504730955,5.050578833917672,3.956867218017578
Jhajjar,False,542,61,0.7156931539114506,7.609769525033008,5.3851518630981445
Jhalawar,False,542,61,0.9137039802964017,5.612934311542703,4.234396934509277
Jhansi,False,542,61,0.929210968812179,5.2728860750470234,3.9977498054504395
Jhargram,False,542,61,0.8490760924209028,4.672855542220092,3.3305768966674805
Jharsuguda,False,542,61,0.8959075864679233,3.7684128441254323,2.7207727432250977
Jhunjhunun,False,542,61,0.899536408184972,5.7858775820554005,4.645018100738525
Jind,False,542,61,0.9133222497606243,5.73107748822378,4.565288066864014
Jodhpur,False,542,61,0.7666559051009265,8.579162868395782,6.089232921600342
Jorhat,False,542,61,0.34732352014721746,2.308486342150313,1.7044750452041626
Junagadh,False,542,61,0.7616673533808165,6.831368450732837,4.9277472496032715
Kadapa,False,542,61,0.4071560201265779,7.647084507100744,6.41963529586792
Kaithal,False,542,61,0.9137446026354691,5.360005066427997,4.2913689613342285
Kakching,False,542,61,0.7823407860001089,1.2416478070271182,0.9914472103118896
Kancheepuram,False,542,61,-0.035841236042958524,3.4958197289172968,2.6864564418792725
Kangpokpi,False,542,61,0.6022263477833725,1.7998576081433983,1.3161320686340332
Kangra,False,542,61,0.7352969354275313,7.417841986064722,5.517157077789307
Kanker,False,542,61,0.900830223921448,3.295663186048669,2.5747334957122803
Kannauj,False,542,61,0.8704813366794445,5.970882015025378,4.255733013153076
Kanniyakumari,False,542,61,0.08295924816888944,3.6122089836352322,2.844391107559204
Kannur,False,542,61,-0.4795287466340745,2.929257780984961,2.361863851547241
Kanpur,False,542,61,0.8412785243639957,3.7505950455628745,2.686291217803955
Kantha,False,542,65,0.5333609697454704,6.039521391139632,4.3612823486328125
Kapurthala,False,542,61,0.2906738277909391,11.376287031198313,6.908138751983643
Karaikal,False,542,61,0.23659914038102814,3.9379746892686236,3.063539505004883
Karauli,False,542,61,0.9362786748597005,5.239559691763212,4.127519607543945
Kargil,False,542,61,0.14878508041931737,8.226976114364751,6.521689414978027
Karimganj,False,542,61,0.4777272793438193,2.9143357545098763,1.8871101140975952
Karimnagar,False,542,61,0.8787470101563732,3.847877209510487,2.8649847507476807
Karnal,False,542,61,0.8853240292119782,5.985790593219821,4.85489559173584
Karur,False,542,61,0.4216366847727008,5.336330862891381,4.202643871307373
Kasaragod,False,542,61,-0.004063585883425258,4.551712242148788,3.726672649383545
Kathua,False,542,61,0.8022203269692074,6.235958347653701,5.020761013031006
Katihar,False,542,61,0.7713949259801063,5.306473488925755,4.024627208709717
Katni,False,542,61,0.5479791985176125,3.3212155538947075,2.610924005508423
Kavaratti,False,542,61,0.5673866210272573,3.7595590192827424,3.0209364891052246
Kendrapara,False,542,61,0.39960309551380935,3.538645603980609,2.9191627502441406
Khagaria,False,542,61,0.828389817607933,4.884258574930511,3.7226626873016357
Khammam,False,542,61,0.6262020722174442,4.873508910022566,3.6163904666900635
Khandwa,False,542,61,0.9144689972564028,4.903325855621992,3.5886991024017334
Khargone,False,542,61,0.9486308791378264,4.480354660164681,3.2537941932678223
Kheda,False,542,61,0.643115953359297,5.758172571318437,4.380405426025391
Kheri,False,542,61,0.8250357473660496,5.145664145382043,4.042497158050537
Khordha,False,542,61,0.47399715453202196,4.06753556604668,2.947819471359253
Khowai,False,542,61,0.22757740855056707,3.330913539592366,2.165635585784912
Khunti,False,542,61,0.5828202610135309,5.715322666087212,4.315703868865967
Kishanganj,False,542,61,0.7244260783950704,5.143019840149547,3.869579315185547
Kishtwar,False,542,61,0.7784714405008737,6.517405168423591,5.193036079406738
Koch Bihar,False,542,61,0.7188613848979396,4.464109772621157,3.4716765880584717
Kodarma,False,542,61,0.8567159877573439,4.643289847698635,3.4024033546447754
Kohima,False,542,61,0.6237025489277558,2.445425500178365,1.8211256265640259
Kokrajhar,False,542,61,0.6497471370902395,2.8358382951183185,2.208110809326172
Kolar,False,542,61,0.5892228834109488,4.549097730444227,3.6742918491363525
Kolhapur,False,542,61,0.8273028638238928,6.51549356085575,3.955442190170288
Kolkata,True,542,88,0.5743279843049571,3.211331753994954,2.4024202823638916
Kollam,False,542,61,-0.24392868021267433,3.3472950049402064,2.6317696571350098
Kondagaon,False,542,61,0.7510008738150569,4.868094811286527,3.272308349609375
Koppal,False,542,61,0.8832447152986906,4.844834926064605,3.4550116062164307
Koraput,False,542,61,0.7908735601813809,3.8271177874187328,2.742016077041626
Korba,False,542,61,0.8753134383070831,4.162721113684233,3.045851230621338
Kota,False,542,61,0.9259096231023509,5.234788018628413,3.967615842819214
Kottayam,False,542,61,-0.11365601404461323,2.612240343103586,1.8917231559753418
Kozhikode,False,542,61,-0.017275242834110527,4.697584367433985,3.905383586883545
Krishna,False,542,61,0.6343503385644507,3.431798472109606,2.7159838676452637
Krishnagiri,False,542,61,0.42548597769192875,4.983274715083078,4.035121440887451
Kulgam,False,542,61,0.8445650733715869,5.981054276121079,4.625601768493652
Kupwara,False,542,61,0.8002276739728644,7.3646014337888275,5.8278069496154785
Kurnool,False,542,61,0.7065558790382322,5.366823053549497,4.132438659667969
Lakhimpur,False,542,61,0.8342028194052072,5.081178656683673,3.8652899265289307
Lakhisarai,False,542,61,0.8628500933721138,4.346667071812461,3.3551454544067383
Lalitpur,False,542,61,0.917066298912808,5.559150973475935,3.9532418251037598
Latehar,False,542,61,0.7253878914415973,5.66667807334799,4.199687480926514
Latur,False,542,61,0.8789152631035982,4.348133976027685,3.3394224643707275
Lawngtlai,False,542,61,0.9209954427775405,1.6635980808706512,1.100481629371643
Leh,False,542,61,-0.35565008351174954,12.11373031556354,10.317627906799316
Lohardaga,False,542,61,0.8546166775660139,4.561414197505108,3.1332743167877197
Lucknow,True,542,61,0.581998235192071,5.6539141642394,3.891592264175415
Ludhiana,False,542,61,0.8715790807812747,6.282635436353366,4.725758075714111
Lunglei,False,542,61,0.8503030755594784,2.4258290161737386,1.3847826719284058
Madhubani,False,542,61,0.7727294653931502,4.524970603552325,3.7008917331695557
Madurai,False,542,61,0.4624645235383009,5.2857751364132595,4.083096027374268
Mahamaya,False,542,61,0.785798290412763,4.694890211160281,3.589287519454956
Mahasamund,False,542,61,0.8853583753546789,4.392618724453882,3.433152914047241
Mahe,False,542,61,-0.5551771713385683,3.160523646703899,2.6054768562316895
Mahendragarh,False,542,61,0.9054980777498742,6.38916088391403,4.799239158630371
Mahesana,False,542,61,0.9230474268291837,4.827926285984532,3.5915682315826416
Mahoba,False,542,61,0.8462243119990355,7.5464776923756585,5.293918132781982
Mainpuri,False,542,61,0.8890510332472757,6.275547760540447,4.866657257080078
Majuli,False,542,61,0.44824793055543677,2.253248201300744,1.607619047164917
Malappuram,False,542,61,-0.036402795669590926,4.741542313503296,3.9803905487060547
Maldah,False,542,61,0.8465812209266623,4.530457947006542,3.371488571166992
Malkangiri,False,542,61,0.8215183325362706,3.7304549451642477,2.7347121238708496
Mamit,False,542,61,0.690362499992907,2.068495388439885,1.1518535614013672
Mancherial,False,542,60,0.8991310989304598,3.745555150809603,3.0339951515197754
Mandi,False,542,61,0.8564559483489609,5.776967705074914,4.522456645965576
Mandla,False,542,61,0.8362415118204278,5.300387767785637,3.6829371452331543
Mandsaur,False,542,61,0.9260437728312099,5.530996543120396,4.057773590087891
Mandya,False,542,61,0.7374698810121727,5.2869998848678605,4.240785121917725
Mansa,False,542,61,0.8217015724368937,8.186479577692511,6.474104881286621
Mathura,False,542,61,0.884617844869118,6.899820640554808,5.138816833496094
Mau,False,542,61,0.9034083111779859,4.470998985063458,3.4897375106811523
Mayurbhanj,False,542,61,0.8296204033047783,4.812607008499834,3.493283271789551
Medak,False,542,61,0.8834836384230424,3.711736653260074,3.0641894340515137
Medchal,False,542,61,0.574729764258844,6.387997411183959,5.09671688079834
Medinipur,False,542,62,0.8600156988460693,3.9331844840468486,2.7987616062164307
Meerut,False,542,61,0.8484109967231581,7.257742595027988,5.549510478973389
Mirzapur,False,542,61,0.8503152035404574,6.2371431481792134,4.216277599334717
Moga,False,542,61,0.8573313543528754,7.133966793324171,5.635370254516602
Mokokchung,False,542,61,0.4783781662803338,2.7617185773404294,1.8823906183242798
Mon,False,542,61,0.6362480752079711,3.556447961858533,2.443931818008423
Moradabad,False,542,61,0.7000377957159034,8.619400196847689,6.235474109649658
Morbi,False,542,61,0.8576984554962309,6.0874642059715125,4.2168707847595215
Morena,False,542,61,0.8984676178852057,6.239109774935155,4.327572345733643
Muktsar,False,542,61,0.8029294796442192,8.553525356279001,7.0924482345581055
Mumbai,True,542,73,0.6534111292411233,8.729551126272813,5.636817932128906
Mungeli,False,542,61,0.9033396651264669,4.311336194440668,3.2881014347076416
Munger,False,542,61,0.8342004409572195,4.812991228670663,3.6758153438568115
Murshidabad,False,542,61,0.8322993515496152,4.61832688888124,3.8043177127838135
Muzaffarnagar,False,542,61,0.822289429832396,7.160457257209502,5.256124496459961
Muzaffarpur,False,542,61,0.8362260361779026,4.695576944378206,3.7182891368865967
Mysore,False,542,61,0.8133711040865983,4.377939163391764,3.118198871612549
Nadia,False,542,61,0.852860121767459,4.497286296218128,3.354705572128296
Nagaon,False,542,61,0.8369674014455875,5.074751546255795,3.048521041870117
Nagapattinam,False,542,61,0.11400272849912374,3.773309361906258,2.8699188232421875
Nagar,False,542,86,0.8268123193604544,5.574131324045047,3.701669454574585
Nagaur,False,542,61,0.8171352717501736,7.012224966493366,5.518496036529541
Nagpur,False,542,61,0.5679044819090858,4.521607550967985,3.634315252304077
Nalbari,False,542,61,0.06377238904808347,3.02113810788566,2.361947536468506
Nalgonda,False,542,61,0.5829040233129634,5.9132155261656685,4.402477741241455
Namakkal,False,542,61,0.4881873400639778,3.9464135172778114,3.315549850463867
Nanded,False,542,61,0.8913858439900287,3.894398647794277,3.080573081970215
Nandi Hills,False,542,62,0.5357669065906907,4.81113741522204,3.8154914379119873
Nandurbar,False,542,61,0.9354538719564354,4.969712649967017,3.802847385406494
Narayanpet,False,542,61,0.837269937892515,5.051885709797236,3.913743734359741
Narayanpur,False,542,61,0.9301344115374484,5.258282621998602,3.9543051719665527
Narsimhapur,False,542,60,0.9012994561965402,5.1262959028159445,3.5311970710754395
Navsari,False,542,61,0.9503917069483188,3.3581584768154875,2.5175411701202393
Nawada,False,542,61,0.8155914750211407,4.974946386920604,3.8129851818084717
Nayagarh,False,542,61,0.7627762914150809,3.9674825972504104,2.8449506759643555
Neemuch,False,542,61,0.9219457487594105,5.762341730091636,4.385908603668213
Nellore,False,542,61,0.1301063428316943,7.378616739291421,5.972015857696533
New Delhi,True,542,61,0.7244572283197581,6.796041503312505,4.6931233406066895
Nirmal,False,542,61,0.9425678102559206,2.8641153034143794,2.275961399078369
Niwari,False,542,61,0.7699785633172458,5.860636908384944,4.536899089813232
Nizamabad,False,542,61,0.9158621015458396,3.2391814118496156,2.4564459323883057
North Gauhati,False,542,61,0.0003368578582518822,3.0116063355519946,2.4382612705230713
Osmanabad,False,542,61,0.8905237324658205,4.640926466888841,3.6880433559417725
Palakkad,False,542,61,0.0998490625807833,5.095756088923198,3.7492666244506836
Palghar,False,542,60,0.9267689430801056,3.170967009672006,2.482649564743042
Pali,False,542,61,0.9096762802745525,5.399871591524752,4.311800003051758
Palwal,False,542,61,0.7234478968099203,7.521285306782055,5.614842414855957
Panipat,False,542,61,0.8959750440958744,5.885855851342539,4.772204399108887
Panna,False,542,61,0.8797649928871195,6.663509511420319,4.839099884033203
Parbhani,False,542,61,0.8725759974875773,4.13382539794006,3.282653570175171
Patan,False,542,61,0.9000352643087991,5.283892991581527,4.125543594360352
Pathanamthitta,False,542,61,-1.0462507094173819,2.621410913508166,1.7820103168487549
Pathankot,False,542,61,0.7797029172140401,6.586834648451042,5.357395172119141
Patiala,False,542,61,0.9147832635889102,5.1310290717678795,4.188235759735107
Patna,False,542,61,0.06207404935424177,6.93753464148868,5.358901500701904
Peddapalli,False,542,61,0.9078216535380429,3.4162124393881412,2.6134538650512695
Pendra,False,542,61,0.9273463645021082,5.369306698447861,3.9203085899353027
Perambalur,False,542,61,0.26945350670876456,5.942723596560519,4.687952995300293
Phek,False,542,61,0.4901540753900723,2.5511524812413597,1.5768611431121826
Pilibhit,False,542,61,0.6659373442232264,6.914504697635475,5.579141616821289
Pithoragarh,False,542,61,0.7313004059915941,5.145480474608294,4.100830078125
Porbandar,False,542,61,0.6781231185585856,4.256119305680875,3.4086320400238037
Pratapgarh,False,542,61,0.9256330846457174,5.511199472515442,4.167224884033203
Puducherry,False,542,61,0.3092925552054079,4.32002905800548,3.4491705894470215
Pudukkottai,False,542,61,0.2643182806835884,6.017009149809124,4.676515102386475
Pulwama,False,542,61,0.8341695565858388,6.504749323642513,5.127001762390137
Punch,False,542,61,0.8736467937256673,6.954240550872848,5.036431312561035
Pune,True,542,61,0.9263395242440362,4.08603086054907,3.0089964866638184
Puri,False,542,61,0.4719543954994804,4.447718286073266,3.2001638412475586
Puri District,False,542,64,0.4928455117234848,4.323801022195751,3.069272994995117
Purnia,False,542,61,0.7554938180726842,5.340414333485362,4.005738258361816
Puruliya,False,542,61,0.8689085874376498,4.531465512116362,3.5569615364074707
Rae Bareli,False,542,61,0.8575127342128012,6.4985728531114635,5.242177486419678
Raichur,False,542,61,0.7096464210145509,5.634981920133762,4.159534931182861
Raigarh,False,542,61,0.8835271039812355,4.228554191149186,2.9495644569396973
Raipur,False,542,61,0.8964924538726281,4.185278915535986,3.2305941581726074
Raisen,False,542,61,0.9066822802425275,5.361583021319994,3.8235623836517334
Rajgarh,False,542,61,0.9548667872645257,4.548845735796738,3.6290972232818604
Rajkot,False,542,61,0.8111822931698718,7.247533707581448,4.763851642608643
Rajsamand,False,542,61,0.9116180699736307,5.979309647431155,4.2070536613464355
Ramanathapuram,False,542,61,0.08474280228784437,4.2236564079904495,3.345676898956299
Ramban,False,542,61,0.8443115249138852,6.486882986373829,4.798779010772705
Ramgarh,False,542,61,0.5888189613787951,5.674083269327797,4.271742343902588
Rampur,False,542,61,0.6942649883237959,8.085279826816738,6.064890384674072
Ranchi,False,542,61,0.5841457761260381,5.654353545700462,4.261706352233887
Ranipet,False,542,61,0.6000635328595953,6.09223332237432,5.106141090393066
Ratlam,False,542,61,0.933311239191072,5.305070057081893,3.708834171295166
Ratnagiri,False,542,61,0.7996910582761836,3.9865402023219336,2.957418441772461
Rayagada,False,542,61,0.6096808885023604,5.10933748283961,3.5091447830200195
Rewa,False,542,61,0.7611770445940097,8.208573339474482,5.763800144195557
Rewari,False,542,61,0.9431177459754257,4.955945484480393,3.98197603225708
Rohtak,False,542,61,0.8896830852440565,6.3910750624680945,4.66987943649292
Rudraprayag,False,542,61,0.7852376149491997,5.292421342195846,4.536756992340088
Rupnagar,False,542,61,0.8663263793172914,5.525698014436993,4.442907810211182
Sagar,False,542,61,0.8780976721592999,6.215981025146431,4.208601474761963
Saharanpur,False,542,61,0.7629751351655074,6.8307156394817765,5.14239501953125
Saharsa,False,542,61,0.8476816995827334,4.569187436643058,3.29301381111145
Sahibganj,False,542,61,0.7738431757109149,5.721211888438682,4.357247352600098
Saiha,False,542,61,0.9201050940121118,1.6729459095731165,1.090666651725769
Saitual,False,542,61,0.6427424344226593,2.2218691969311526,1.1842153072357178
Salem,False,542,61,0.5910374328005756,3.657422000160203,2.8934638500213623
Samastipur,False,542,61,0.8506215001950265,4.789435666155684,3.6239824295043945
Samba,False,542,61,0.8678361129165968,5.2383142025086755,4.0286545753479
Sambalpur,False,542,61,0.8879514420692716,3.511012327706586,2.491583824157715
Sambhal,False,542,61,0.7602757433978399,8.033077996761316,5.982956409454346
Sangli,False,542,61,0.9237256463556962,4.866376634778043,3.5328738689422607
Sangrur,False,542,61,0.9002426919333752,6.003518026851462,4.605319976806641
Sant,False,542,61,0.9230637093085324,5.437173066231058,4.105895519256592
Saraikela,False,542,61,0.915983351642529,3.533110946878354,2.604987621307373
Saran,False,542,61,0.8700431015679965,4.774705384437736,3.5473296642303467
Satara,False,542,61,0.9247072626157253,4.290097638066134,3.032916307449341
Satna,False,542,61,0.8141476272833974,7.560034988564558,5.0390944480896
Sawai Madhopur,False,542,61,0.9310116671680417,4.86838865689912,3.7124693393707275
Sehore,False,542,61,0.9226490908898674,5.194749844708278,3.663511037826538
Seoni,False,542,60,0.8341881960630249,6.193645777436535,4.7455902099609375
Serchhip,False,542,61,0.8749021029126495,2.2175772347918,1.311518669128418
Shahdara,False,542,61,0.7181692635998576,6.843661930440754,4.891729354858398
Shahdol,False,542,61,0.8558841570064057,5.031883436808812,3.439920425415039
Shahjahanpur,False,542,61,0.7772132435430038,6.966616453631685,5.055161476135254
Shajapur,False,542,61,0.9399286764405417,4.854306831573739,3.410019636154175
Sheikhpura,False,542,61,0.7265611036822266,7.204239434278682,5.696805000305176
Sheohar,False,542,61,0.7234495804576828,4.77260571114437,3.677515745162964
Sheopur,False,542,61,0.9320545035052733,5.0365106789657395,3.804574966430664
Shimla,False,542,61,0.7483500551593649,6.524342950354303,5.3357648849487305
Shimoga,False,542,61,0.8258435186831081,5.098313235920533,3.4178922176361084
Shivpuri,False,542,61,0.9290034224895497,5.4153621374260625,4.026313781738281
Shupiyan,False,542,61,0.8349473897841325,6.16331858430827,4.732591152191162
Siang,False,542,97,0.8975898670075847,4.382338119102259,2.9754157066345215
Siddipet,False,542,61,0.8819100623305148,3.7367162029330254,3.105560302734375
Sidhi,False,542,61,0.8592869299749908,5.699715710962347,4.145893573760986
Sikar,False,542,61,0.8936181412586417,6.202425746757712,4.848857879638672
Simdega,False,542,61,0.8489412566142851,4.663222245226366,3.425507068634033
Sirmaur,False,542,61,0.8643999871555809,6.438457825151902,5.0373311042785645
Sirohi,False,542,61,0.9214743639245939,5.097999531964011,4.226029872894287
Sirsa,False,542,61,0.8195636798459659,7.7735874180738165,6.395020484924316
Sitamarhi,False,542,61,0.7211669479137053,4.7922617446028735,3.6666924953460693
Sitapur,False,542,61,0.8691190468542785,5.174040464923522,4.035238742828369
Sivaganga,False,542,61,0.2848026393386165,5.854771303422607,4.485992908477783
Siwan,False,542,61,0.8715102845848679,4.780806975938949,3.7061948776245117
Solan,False,542,61,0.7483404955792671,6.521439334226014,5.259164333343506
Solapur,False,542,61,0.9065781739293772,4.44570593944863,3.400123357772827
Somnath,False,542,61,0.6337080216036322,5.0084580408566355,3.5951154232025146
Sonipat,False,542,61,0.7462926708866888,6.896549091667462,5.252878189086914
South Salmara,False,542,64,0.650244087357756,3.386556830489885,2.662830114364624
South Suburban,False,542,61,0.552911229888432,3.313216509790308,2.461991786956787
Srikakulam,False,542,61,0.5029350688981229,4.207308477620163,3.068971872329712
Srinagar,False,542,61,0.8245453061354981,6.704825516833503,5.114162445068359
Sukma,False,542,61,0.8366059006645375,3.571084371056651,2.640932083129883
Sultanpur,False,542,61,0.8467000283824269,6.603707988546892,4.941294193267822
Sundargarh,False,542,61,0.8795151198207608,4.050186510854171,3.083772897720337
Supaul,False,542,61,0.8486056062229507,4.555308487764706,3.307142734527588
Surajpur,False,542,61,0.8546190602067113,5.829276208982164,4.567165374755859
Surat,False,542,61,0.9442574966593783,3.569116437975532,2.7989304065704346
Surendranagar,False,542,61,0.8829717069369791,5.78092897915729,4.058422088623047
Surguja,False,542,61,0.7807825128922814,5.5718137796561376,4.138331890106201
Suryapet,False,542,61,0.5949906917452252,5.7125697693017825,3.9748759269714355
Talab Data,False,542,61,0.8571936962613738,5.400096412080587,3.9766805171966553
Tamenglong,False,542,61,0.683601246067183,3.3197095615243177,2.2104523181915283
Tarn Taran,False,542,61,0.3874069674309475,5.192747839723505,3.914703845977783
Tawang,False,542,61,0.7659895950437863,3.8119098644347815,2.956512212753296
Tehri-Garhwal,False,542,61,0.7840637223681765,5.076947730122355,4.043791770935059
Tenkasi,False,542,61,-0.6221255937798404,3.7568512954179845,2.777796506881714
Thane,False,542,61,0.645351086212743,8.952114720622799,5.801480293273926
Thanjavur,False,542,61,0.2902290917719019,5.857613341944029,4.672916889190674
Thiruvananthapuram,False,542,61,-0.2722494079137776,5.799696736793186,4.5870137214660645
Thiruvarur,False,542,61,0.21617557556909583,4.464056791703123,3.2889745235443115
Thoubal,False,542,61,0.5876931115637554,1.832442898244455,1.370378851890564
Thrissur,False,542,61,-0.24986616159006192,3.6775649118302587,2.7205135822296143
Tikamgarh,False,542,61,0.9203723607994657,5.468321690816828,3.7982077598571777
Tinsukia,False,542,61,0.6695514043169852,3.188615042934598,1.8058010339736938
Tirap,False,542,61,0.7591271597364843,4.525535400076839,3.319911241531372
Tiruchirappalli,False,542,61,0.3262772324211235,5.706925304351141,4.50439453125
Tirunelveli,False,542,61,0.02932161660167465,4.683268149975527,3.788100481033325
Tiruppur,False,542,61,0.08115650891750115,5.235808310057576,3.9626455307006836
Tiruvannamalai,False,542,61,0.4091256939001737,5.982080721989991,4.879881858825684
Tonk,False,542,61,0.9184417087957395,5.464897673574648,4.260435581207275
Tuensang,False,542,61,0.47857967302849347,2.761185094054129,1.8821995258331299
Tumkur,False,542,61,0.7336838610858758,5.983682378223864,4.568558692932129
Udaipur,False,542,120,0.03621446810671247,21.374683757026457,18.036767959594727
Udalguri,False,542,61,0.7882668129576507,2.9698031515012895,2.2774157524108887
Udhampur,False,542,61,0.8588299262980134,5.374932222160784,4.020917892456055
Udupi,False,542,61,-0.006930254467779617,4.574384495756194,3.7022414207458496
Ujjain,False,542,61,0.8882815759338906,5.813082429971769,4.56362771987915
Ukhrul,False,542,61,0.685207475991064,3.0967665329000105,1.901856541633606
Umaria,False,542,61,0.8701748718951064,5.454018243684321,3.622241258621216
Una,False,542,61,0.8776139005902249,5.019857836834263,3.9360947608947754
Unnao,False,542,61,0.5681130708073535,5.8136172297623325,4.019540309906006
Upper Tirupati,False,542,61,0.5569618533828123,6.097888656185223,4.80522346496582
Uttarkashi,False,542,61,0.6589118492665469,8.420374692431299,6.472867488861084
Vadodara,False,542,61,0.9210934276693922,5.277720880480583,3.7760825157165527
Valsad,False,542,61,0.9443399228789422,3.7455350361749864,2.8293442726135254
Varanasi,False,542,61,0.8535751690411022,5.660625304063838,4.134315013885498
Vellore,False,542,61,0.6477930992872863,5.6297658439984835,4.543876647949219
Vidisha,False,542,61,0.9119887351352134,5.18992539662745,3.701686143875122
Vikarabad,False,542,61,0.5683588435847104,6.3668426981984965,4.919050216674805
Visakhapatnam,False,542,61,0.28116519914646754,4.710317795514567,3.690669298171997
Vizianagaram,False,542,61,0.39369152359117987,4.847095343317678,3.894801139831543
Wanaparthy,False,542,61,0.7794453049678951,4.799233717152206,3.6060779094696045
Warangal,False,542,61,0.824491327143767,3.9721232819109753,3.1893835067749023
Wardha,False,542,61,0.49582025981961,5.740574616702725,4.178017616271973
Washim,False,542,61,0.8781566270783954,4.6208326793196655,3.1784353256225586
West Godavari,False,542,61,0.5789506147118453,4.198672975070447,3.225969076156616
Wokha,False,542,61,0.1412640377799944,2.523523287894506,1.8665471076965332
Yadgir,False,542,61,0.8355809686170155,5.0730287303205,3.8740434646606445
Yamunanagar,False,542,61,0.7430114196443154,7.04863546165766,5.423799991607666
Yanam,False,542,61,0.44726810918896587,4.86373480095176,3.86106538772583
Yavatmal,False,542,61,0.8458471623846016,5.397678172787113,4.198909282684326
Zunheboto,False,542,61,0.5886316039263733,2.507465088925502,1.5039398670196533
