city,n,r2,rmse,mae,variance,order_p,order_d,order_q,aic
Adilabad,16,0.7832441638486547,0.8130629939692278,0.6643811859868252,3.049843749999999,1,1,1,113.28525177898027
Agar,16,0.45465004793863817,0.6666145812986696,0.5437500000000002,0.8148437500000004,0,1,0,104.6561253124776
Agra,16,-1.0687217382710887,2.447480658542233,1.719486923318592,2.8955859375000004,2,0,2,148.43815549023688
Ahmadnagar,16,0.5068521701210651,1.14659584384855,0.939937884635746,2.6658984374999997,2,0,2,118.09932074895308
Aizawl,16,-0.328858369764391,1.3613560331708616,1.0694145131737822,1.3946484374999992,2,1,2,126.32034641867166
Ajmer,16,-0.6125720763833034,1.279728691551479,1.0704225521863553,1.015585937500001,2,0,2,153.24933093307592
Akola,16,0.5777284424058091,1.1822446280927028,1.032987450522307,3.309960937499999,2,0,1,121.8919444255925
Alappuzha,16,-0.19344478904288076,0.40318759104171364,0.32597193093707477,0.13621093749999968,1,0,0,78.55272882572028
Aligarh,16,-0.07894517907984522,1.3112590491486693,0.9444402322644323,1.5935937500000001,2,1,1,149.4402763423394
Alirajpur,16,0.7400562056395299,0.4799741532124062,0.35872148425012784,0.8862499999999992,2,0,1,86.157859835179
Allahabad,16,0.14501764409342965,1.337441587509526,0.8625000000000003,2.092148437500001,0,1,0,137.4384181638665
Almora,16,0.5342349957734573,0.5868347297152753,0.4812500000000003,0.7393750000000004,0,1,0,104.82147687871984
Alwar,16,-1.1084780042469937,2.051576675037036,1.5624806451643862,1.9962109374999997,2,0,2,133.81011597174898
Ambala,16,-0.32467962955536933,1.2447527701907377,0.6367254088135381,1.1696484374999991,1,1,1,154.07433199336378
Amethi,16,-0.15579313574775888,1.187994854515157,0.6885452738693236,1.2210937499999994,2,1,2,146.49183953392617
Amravati,16,0.8416057404241629,0.7675102368880804,0.6249058473532836,3.7190234375000015,1,1,1,125.5192422086297
Amreli,16,-0.14809109644884333,0.7301676539764216,0.5747999967388662,0.46437499999999965,2,0,1,116.55376634595845
Amritsar,16,-0.670798245075855,2.1051202537712452,1.5453671124819837,2.65234375,2,1,2,170.76718317848773
Anand,16,-0.13998835043681512,0.9727231522188401,0.7210410494737278,0.8300000000000002,0,0,2,104.65115415297471
Anantapur,16,0.008549621727635848,1.4020775565701669,1.139563973493662,1.9827734374999988,2,0,1,150.34157465004319
Anantnag,15,-0.8492307692307695,1.265964717781134,0.8266666666666665,0.8666666666666664,0,1,0,148.57831326594098
Anugul,16,0.5043046585345389,0.9436780694719287,0.7119593369143542,1.7965234374999994,0,1,2,131.0770084012713
Anuppur,16,0.6132905693073852,1.07236988465835,0.7478596697142588,2.973749999999999,1,1,1,135.82062493561213
Araria,16,0.3127212650460226,0.5841660722773961,0.5125,0.49652343749999966,0,1,0,147.53424883614127
Ariyalur,16,-0.10961775365837578,0.976513060358215,0.7643872732680932,0.859375,2,1,2,122.1191701145493
Arong,16,-0.5866508118493232,0.31004633028150363,0.2538068451010598,0.06058593749999992,0,0,0,123.15306399851829
Arwal,16,-0.5751778298338612,2.1172614681963178,1.786377390148923,2.8458984375000007,1,1,0,172.4264686465295
Ashoknagar,16,-0.16897255983638226,1.3945233753742907,0.9650421051515492,1.6635937499999989,1,1,1,126.69949696275786
Auraiya,16,-0.09796915515052174,1.521159789456585,0.9511294700983699,2.1074609375000004,2,1,1,147.33429080532548
Aurangabad,16,0.5587235391465916,1.296608794665715,1.0667917458245313,3.8098437500000015,1,0,0,112.9713635567886
Azamgarh,16,0.6490181456624401,0.469707355701399,0.36875000000000036,0.6285937500000001,0,1,0,150.4079246733315
Badgam,16,-1.4201979257587416,1.7760862014200451,1.3137556353072841,1.3033984375000003,2,1,0,150.36954238408765
Bagalkot,16,0.3455913521796379,1.477788481671247,1.0768446312781172,3.3371484375000002,0,1,1,135.1100060512893
Bageshwar,16,-0.987830671138239,1.5175928939076742,1.0237736642588755,1.15859375,0,1,1,118.99050868462842
Baghpat,16,-0.9268454939478004,2.2422895577445034,1.5238403370135254,2.609375,2,1,2,164.21245838918074
Bahraich,16,0.1531747876677657,1.0444058825598423,0.7500204004118112,1.2880859375000004,2,1,2,140.15842739073742
Baksa Duar,16,-0.2154471544715444,0.611350963031874,0.5249999999999998,0.30749999999999994,0,1,0,96.70680806945275
Balaghat,16,0.8199384389437993,0.8958773765360412,0.7327075313773337,4.45734375,1,1,1,115.16351156347648
Balangir,16,0.6732124226424303,0.8948931817607587,0.7406620802675361,2.4506250000000005,0,1,2,106.34062462112999
Baleshwar,16,-0.37931235792227813,1.210497361722237,0.9974630610123509,1.0623437500000006,0,1,1,80.81860543081773
Ballia,16,0.33660622229592674,0.724435415568967,0.5755880855078999,0.7910937500000003,1,1,1,163.0880780799314
Balod,16,0.7857911333519195,0.8683212196335117,0.715220792266301,3.5198437499999997,2,1,1,99.80909795060965
Baloda Bazar,16,0.5392505537987462,1.1630621561985632,0.9312305856122483,2.9358984374999997,2,1,2,130.75282899744798
Balrampur,16,0.43810645122000746,0.7352720584926372,0.5562500000000004,0.9621484375000005,0,1,0,135.17116440960845
Banda,16,0.036275909034449216,1.477238213180298,0.8291035748454865,2.2643750000000002,1,1,1,154.16780028881942
Bangalore,17,0.04591836734693866,1.137592917989042,0.8235294117647058,1.3564013840830447,0,1,0,177.54107698475434
Banka,16,0.428483976615347,0.8540345426269362,0.6937499999999999,1.2762109375000006,0,1,0,135.94268203134482
Bankura,16,0.09827586206896644,0.9902651160169174,0.8187499999999996,1.0874999999999997,0,1,0,112.89585743195765
Banswara,16,0.5443880787797797,0.7591765804762282,0.6266586833765151,1.2650000000000003,0,0,2,99.16694503235898
Bara Banki,16,-0.2512864618767654,1.7979353410168397,1.4428673034265849,2.5833984375000005,1,1,1,136.27653186250382
Baramula,16,-0.902489134729356,1.9395553614166317,1.30625,1.9773437500000002,0,1,0,130.29914869584502
Baran,16,-0.5663332991669914,1.9661908284819478,1.4545033845976905,2.468124999999999,2,0,2,133.4468396050578
Barddhaman,23,0.00472227067706632,1.2288205727444506,0.7608695652173911,1.5171644612476363,0,1,0,156.84109822127144
Bareilly,16,-0.12966605701801814,1.1366862155908986,0.8001455278109699,1.1437500000000005,2,1,1,129.13517494960337
Bargarh,16,0.7224255592199156,0.7549067366072565,0.5890698107471453,2.0530859375,1,1,1,101.15683149883623
Barmer,16,0.053451063892851036,0.6587082459851281,0.5706183559488058,0.45839843749999964,1,1,1,172.32319810345584
Barnala,16,-0.19047627261834799,1.3892658697968856,0.9059325614900857,1.6212500000000003,2,1,1,177.45273611290693
Barpeta,16,0.2545898333863944,0.5238081709939243,0.4437500000000003,0.36808593750000007,0,1,0,109.73537897115338
Barwani,16,0.7739830497728845,0.6375003753937188,0.45788236837682894,1.7981250000000015,0,0,2,101.25403450805251
Bastar,16,0.5402320196503028,0.8949771329920982,0.7325418428626973,1.7421484375000003,0,1,2,102.16373178263841
Basti,16,-0.02968834077792759,0.9967388625148784,0.6520741035423121,0.9648437500000001,1,1,2,131.66215296801505
Baudh,16,0.5043046585345389,0.9436780694719287,0.7119593369143542,1.7965234374999994,0,1,2,131.0770084012713
Begusarai,16,-0.1180404291666346,1.1403407827137364,0.9656084025565874,1.1630859374999993,2,1,2,156.4596595698387
Belgaum,16,0.36990136799754225,1.134612556903108,0.9354656694669008,2.0430859374999994,1,0,0,83.74975253357564
Bellary,16,0.543432936619535,1.3770638792947796,1.2258909014710393,4.153398437500002,1,0,0,145.79806018715988
Betul,16,0.5502983603314059,0.9965983296879489,0.8477230434323357,2.2085937500000012,1,0,2,100.04079199497423
Bhabua,16,0.5621738754079226,0.6705039888826149,0.5153109543041496,1.0268359375000005,0,1,1,155.5003635485186
Bhadohi,16,0.688509845188191,0.7347457890714424,0.6228936434345376,1.7331250000000002,2,1,2,126.54474139432928
Bhadrak,16,0.058325778357089963,0.7436978342163422,0.6027203208646061,0.58734375,0,1,1,87.44446572438503
Bhagalpur,16,0.3433614316939775,0.8816293185280196,0.6829649177759443,1.1837109375000008,2,1,2,142.88302863000777
Bhandara,16,0.7701542584988188,1.1438792470975316,0.9943769381615193,5.692773437500002,1,0,0,118.93645057485774
Bharatpur,16,-0.6715405406915482,2.2964560535489973,1.7287159724310566,3.1550000000000002,2,0,2,159.72114728808265
Bharuch,16,0.3959489123425298,0.7923607759310041,0.7020136997212116,1.0393749999999995,0,0,2,102.58728633491002
Bhavnagar,16,-4.067242527711239,1.0176530310479024,0.841573627829109,0.2043749999999997,2,0,1,122.0958480326992
Bhilwara,16,-0.17109827087393503,0.9371648505621859,0.6903906592367475,0.7499609374999991,1,0,0,121.55965992018722
Bhind,16,0.20389728885466374,1.6171187387028239,1.1397125488217765,3.284843749999999,2,1,1,151.9871218204298
Bhiwani,16,-1.471216522467004,2.49703588044897,1.92371771589207,2.523125000000001,0,0,2,171.12355051193103
Bhojpur,16,0.2631063965845464,1.1596187677886507,0.9129954995143499,1.824843749999999,0,1,2,120.51206747414547
Bhopal,16,0.582166067286976,0.9501486414598918,0.8380831474354922,2.1606250000000005,1,1,1,133.84759229283625
Bid,16,0.6777085865353911,1.125704024740144,0.9331253016698866,3.931874999999998,1,0,0,116.77846423117568
Bidar,16,0.38656665688499725,1.1476639073264348,0.9037561244370473,2.1471484375000003,2,0,1,108.50423083024383
Bijapur,16,0.6373106182088752,1.0508924778491844,0.8437499999999993,3.0449609374999986,0,1,0,139.82606701209312
Bijnor,16,0.05529137463854117,1.1098035277989535,0.7247724636279504,1.3037500000000009,1,1,1,154.8320011177435
Bikaner,16,-1.0623097579006933,1.6666353695912302,1.344075935464816,1.346875,2,0,2,169.49213450113498
Bilaspur,16,0.7537588724667125,0.8729872112015621,0.6953301046739788,3.0949609375000002,1,1,1,123.58406401001531
Bishnupur,16,-0.6680596709791107,1.3674981798019832,1.1007940564550722,1.12109375,1,0,2,133.44745800605375
Biswanath,16,-0.07299822838265069,1.011618534982408,0.8314276619503296,0.9537500000000005,0,1,2,85.20609686993178
Bokaro,16,-0.033736333342513136,1.2108881038312334,0.875,1.4183984374999998,0,1,0,114.18190498623221
Bongaigaon,16,0.2545898333863944,0.5238081709939243,0.4437500000000003,0.36808593750000007,0,1,0,109.73537897115338
Budaun,16,-0.07486350749989534,1.087339814130855,0.8323446245014077,1.099960937499999,2,1,1,140.88966073966705
Buddha Gaya,16,0.033534650013629985,1.5751980116414157,1.4160490787130267,2.5673437499999996,0,1,2,161.1612229768726
Bulandshahr,16,-0.2636745274023642,1.2508345311191456,0.7466614488274721,1.2381250000000006,2,1,1,156.51422995207093
Buldana,16,0.36305931990540763,1.1276049098149716,1.0215514621368107,1.9962500000000003,1,0,0,128.41063679825035
Bundi,16,-0.5548144259635202,1.6506269541440952,1.2939892788566398,1.7523437500000005,0,0,2,137.54257680843497
Burhanpur,16,0.5323698700041992,1.1464436026771876,1.0312921874301293,2.8106250000000026,1,0,0,115.2220760807865
Buxar,16,0.6148867313915858,0.5454356057317857,0.4500000000000002,0.7725000000000001,0,1,0,160.2156979395649
Chamba,16,0.3171467350324235,0.8411301920630362,0.675,1.0360937500000003,0,1,0,101.67483733983703
Chamoli,16,0.09265010351966874,1.0467210707729162,0.88125,1.2075,0,1,0,117.14816120239952
Champawat,16,0.6111428390126272,0.48925964476952327,0.4062499999999999,0.6155859374999995,0,1,0,109.09607054565839
Chandauli,16,0.7960468336900415,0.5031152949374528,0.4312499999999999,1.2410937499999997,0,1,0,136.70890064183413
Chandel,16,0.39433258114799663,0.768441327947134,0.6690286824437759,0.9749609375000006,1,0,0,70.24749127076998
Chandigarh,16,0.3470842213411911,0.9208552370123807,0.710760040590493,1.2987499999999996,0,1,2,149.05949646125327
Chandrapur,16,0.695780671249754,1.0758970888959063,0.9220656723643577,3.8049999999999993,1,0,0,104.16224341466905
Chatra,16,0.022550347626382417,2.163074460826283,1.868148186444542,4.786835937499999,2,1,1,179.77047207753506
Chennai,16,-0.5332987270822547,0.8617955505399567,0.6205713377092008,0.484375,0,0,2,138.2306197581965
Chhatarpur,16,0.25559283740283234,1.1776772031477247,0.8120481382564988,1.863124999999999,1,1,1,152.3239169415843
Chhindwara,16,0.8601768768063447,0.6212136171831223,0.5202379098469345,2.7599609375,2,1,1,98.00390657561431
Chikmagalur,16,0.05759071937518423,1.2181803237704039,0.914872886402724,1.5746484375000012,1,0,0,86.2965776205173
Chitradurga,16,0.26555201451358756,1.2656051769696346,1.0504237286852458,2.1808984375000007,0,1,1,119.28102596364775
Chittaurgarh,16,0.15359824975610825,0.8519328030039327,0.6685768059574004,0.8575000000000004,0,1,1,116.29358098192372
Chittoor,16,0.06894352259900838,0.5707226029480108,0.4836439442335021,0.34984374999999956,0,1,1,144.5657600421564
Churachandpur,16,0.11897708706127141,0.8314404681268961,0.5898757203701009,0.7846484375000002,0,1,1,92.6762101455603
Churu,16,-1.5353414203454059,2.0089665560960293,1.6807184217339974,1.5918749999999986,2,0,2,153.97236175425095
Coimbatore,16,-0.44850267503010977,1.2818522621532016,1.1350844294991511,1.1343749999999997,0,0,0,105.74102381217331
Cuddalore,16,0.09291339240495555,0.4130499182704289,0.3316124562111382,0.1880859374999994,0,0,1,106.7332802173598
Cuttack,16,0.15159862891971587,1.5350251611818153,1.2947015072544463,2.77734375,1,0,0,101.58223642390554
Dadra,16,0.4282253033563267,0.7281700978072746,0.5937049219425756,0.927343749999999,2,0,2,82.48909861893327
Daman,16,0.3487345093413018,0.9611211964929125,0.8406287768633636,1.4183984374999992,2,0,1,91.91794286579669
Damoh,16,0.7300151446932179,1.015197025212347,0.7312499999999995,3.817343749999999,0,1,0,126.49502647140325
Darbhanga,16,0.3224582879371021,0.6994895915646611,0.6090810607341648,0.7221484374999996,1,1,1,156.00738681724565
Darjiling,16,-0.9195193593630568,1.2940172781475399,1.0445202529789757,0.8723437500000004,0,1,1,242.86240821374207
Darrang,16,0.36876006441223874,0.4949747468305832,0.4249999999999998,0.38812500000000016,0,1,0,100.04970390930448
Datia,16,-0.15205087996600253,1.6649691978887153,1.2241532263056596,2.4062499999999987,1,0,0,143.70979373567127
Dausa,16,0.03617463968213952,1.8356535125940217,1.580691259495729,3.49609375,0,1,2,150.16105986240814
Dehradun,16,0.4298814843598212,0.7570501964863361,0.4437500000000004,1.0052734375,0,1,0,119.82151318474358
Deoghar,16,-1.632767124757248,1.4942599423189151,1.3927463733307328,0.8480859374999992,0,0,2,127.73977107530243
Deoria,16,0.6213933506884525,0.5579828059804288,0.4528783154445746,0.8223437499999999,1,1,1,136.25691977073794
Dewas,16,0.34203628249024454,1.269488038768171,1.0949031346765257,2.449375,0,1,1,128.5088745284623
Dhalai,16,-0.45759424262249615,0.9069893884054382,0.7459255480121156,0.5643749999999997,1,1,0,71.09486439219299
Dhamtari,16,0.7857911333519195,0.8683212196335117,0.715220792266301,3.5198437499999997,2,1,1,99.80909795060965
Dhanbad,16,0.034031413612565675,0.9604686356149273,0.7875000000000001,0.9550000000000003,0,1,0,129.88093876743665
Dhar,16,0.33279657547681407,1.3753165620646985,1.0246366978116006,2.8349609375,0,1,1,131.3026365198265
Dharmanagar,19,0.3229482575562055,0.5041119316335709,0.41331424710421416,0.37534626038781166,0,1,1,94.27322558193677
Dharmapuri,16,0.04366054173967371,0.9048293944689528,0.7414478428026599,0.8560937500000007,0,1,1,119.20238064230871
Dharwad,16,0.3342836664856593,1.501391992847246,1.09369547964807,3.3860937499999997,0,1,1,99.65913156046676
Dhaulpur,16,-0.4718540797547981,2.281614318488721,1.7062986409681895,3.5368749999999998,2,0,2,147.61925269469774
Dhemaji,16,-0.014178002401320944,0.796924938545412,0.7361810550776919,0.6262109375000003,0,1,1,147.15823463755626
Dhenkanal,16,0.22915136020728655,1.6216560058834417,1.2600027375601037,3.4115234374999996,1,0,0,100.81359287953907
Dhubri,16,0.24809160305343536,0.607762289057161,0.5062500000000001,0.4912500000000003,0,1,0,118.18350308768929
Dhule,16,0.6437325063957775,0.9811097377882555,0.826385348682287,2.701835937499999,2,0,1,120.96262178572542
Dibrugarh,16,0.05220812621610538,0.7704009591356275,0.7010887767179557,0.6262109375000003,0,1,1,120.16612674579905
Dimapur,16,0.012267981919090398,0.6970227301842797,0.5723120710986893,0.4918749999999998,0,1,1,79.9129118986613
Dindigul,16,-0.14924391082292132,1.9543273567995936,1.7551090285859938,3.3233984375,0,0,0,170.45765712279274
Dindori,16,0.794219173221795,1.6226316665753042,1.08261142987431,12.794843750000002,0,1,1,186.1011306118214
Diu,16,0.2202081891098171,0.3849161519982435,0.2990910598216603,0.19000000000000022,1,0,0,62.989313827624244
Doda,16,0.07389815530763277,0.9912113800799504,0.7500000000000001,1.0608984374999997,0,1,0,133.9453648521458
Dohad,16,0.3420921643222582,0.6514219477513353,0.5064065799412487,0.645,2,0,1,108.96509413689886
Dumka,16,0.37545271629778654,0.8166241485530542,0.7312500000000004,1.067773437500001,0,1,0,120.76204246434257
Dungarpur,16,0.2562210369093494,0.9212608350321975,0.7602349452169053,1.1410937499999996,1,0,0,109.62019421482933
Durg,16,0.7969947079321327,0.7444490898276913,0.6027213393117303,2.73,2,1,1,97.23627345576449
Dwarka,16,0.032026315440354614,0.31087959496845724,0.22204670048812858,0.09984374999999994,0,0,1,38.43545087256331
East Godavari,26,0.023711907169167934,0.6872521154829508,0.5150942475337511,0.48378698224852,1,1,2,230.36451713378207
Ernakulam,16,-0.02190016480418433,0.8754570940960718,0.6399675675824996,0.75,0,0,0,118.9730784467489
Erode,16,-0.30928365445394657,0.551314932344276,0.39770367951321695,0.23214843750000003,0,1,1,75.08224308848573
Etah,16,-0.31316845094811585,1.4016501390006915,0.9390853699989572,1.49609375,2,1,1,149.8185187716981
Etawah,16,0.10365206139208638,1.519426259933995,1.0292646361819966,2.575625,2,1,1,152.6363116669456
Faizabad,16,0.39500488349379115,0.8231038816577159,0.6124999999999998,1.119843749999999,0,1,0,132.28839232199624
Faridabad,16,-1.0070730533488859,2.3833937043668154,1.6922528037544007,2.830273437499999,2,1,2,170.1715934456552
Faridkot,16,-0.18763117513725702,1.5246647034545218,1.1202250601987005,1.9573437499999997,2,1,2,162.86995199250512
Farrukhabad,16,-0.43974978101096496,1.447335376181047,1.1893450312336338,1.4549609374999999,2,0,0,145.56581395628987
Fatehabad,16,-0.31596096425666786,1.6370660788568694,1.1092238202781208,2.0365234375000014,1,1,1,181.6177956778855
Fatehgarh Sahib,16,-0.07363852944110438,1.2534595910614392,0.9047433747734348,1.4633984375000006,0,1,2,169.3494975127132
Fatehpur,16,-0.25913251313141994,1.2149634283349489,0.7392998513142843,1.1723437499999994,1,1,1,160.66635726175198
Fazilka,16,-0.22201898253976138,1.3811037326868871,0.867987470167096,1.5608984374999992,1,1,1,182.4285643998192
Firozabad,16,-0.20120562836476652,1.7220422390088632,1.234465474050149,2.4687109374999996,2,1,1,148.58844363017604
Firozpur,16,0.008061030672310565,1.2727614001325205,0.7833135027898215,1.6330859375000006,2,1,1,169.3233667648213
Gadag,16,0.5357908619912768,1.137143107483001,0.7701893558489834,2.785585937499999,0,1,1,113.84501619560635
Ganderbal,16,-1.4201979257587416,1.7760862014200451,1.3137556353072841,1.3033984375000003,2,1,0,150.36954238408765
Gandhinagar,16,0.16613478997551834,1.1169335383361287,0.9276090524348442,1.49609375,1,1,1,140.47054202913992
Ganganagar,16,-0.20694266531933203,1.5789375531832734,0.861621783976525,2.065585937500001,1,1,1,179.98066595324843
Ganjam,16,0.14326102057694445,1.0269985408699966,0.8205309512597523,1.23109375,1,1,0,83.85186971538847
Garhwa,16,0.744615932087342,0.6924403306898458,0.5548390775452847,1.8774609375000015,1,1,1,110.18679629907092
Garhwal,16,0.3263051942998717,0.8682627927652159,0.5913930885258456,1.1190234375,1,1,1,140.0006033024562
Gariaband,16,0.7740925905821836,0.9078207245829827,0.720724242465532,3.648125000000001,1,1,1,117.65176028879041
Gaya,16,0.06548395654414463,1.4889571165642168,1.3597249858397247,2.3723437499999998,0,1,1,158.77380406863105
Ghaziabad,16,-0.9401488964261331,2.250016894739224,1.5592436284726976,2.609375,2,1,1,167.07036366939283
Ghazipur,16,0.633293124246079,0.5662375826453069,0.4562500000000005,0.8743359375000004,0,1,0,152.80136719412116
Giridih,16,-1.5134415958456384,1.6456710848537366,1.3838604931070275,1.0774999999999995,0,0,2,118.63253508357909
Goa,16,0.2726889564161453,0.7134452243572301,0.5661697325014463,0.6998437500000001,0,1,1,57.54443543751594
Goalpara,16,0.2545898333863944,0.5238081709939243,0.4437500000000003,0.36808593750000007,0,1,0,112.03580482894698
Godda,16,0.428483976615347,0.8540345426269362,0.6937499999999999,1.2762109375000006,0,1,0,135.94268203134482
Golaghat,16,-0.17873243710082476,0.6171530756126912,0.4648354365509202,0.32312500000000005,1,1,0,103.26420789454279
Gonda,16,0.31276003117044326,0.9207469415090853,0.7185422020445966,1.2335937499999985,1,1,1,136.46449848706956
Gopalganj,16,0.4997814254863243,0.6211228345453675,0.4814463648588754,0.7712499999999993,2,1,1,140.75698064979616
Gorakhpur,16,-0.3644558584811439,1.5286041533532997,0.9761847713864436,1.7124999999999995,2,1,1,178.38731648708793
Gulbarga,16,0.518981507374024,1.1118193949150579,1.0175519937991013,2.56984375,1,0,0,132.13420231723848
Gumla,16,0.5064404089717262,0.9372614114238507,0.7394384031664638,1.7798437499999986,0,1,1,106.4353359661275
Guna,16,-0.276891909618324,1.3273700768483556,0.7960715532129052,1.3798437500000003,1,1,1,131.5100161348552
Guntur,16,0.09151994827629562,1.0562798225485397,0.8364828659328645,1.228125,0,1,1,123.06694907035813
Gurdaspur,16,0.1728479966568096,1.4975258122780704,1.034156196050962,2.7112109375000006,0,1,2,143.87973518774962
Gurgaon,16,-1.0364885012097482,2.526483454523165,1.7832773158578656,3.1343750000000004,2,1,2,170.202527128059
Gwalior,16,-0.20239193867431893,1.9425717442601904,1.338999686552536,3.1383984375000007,1,0,2,148.93698685693244
Hailakandi,16,-0.35605422676281795,0.914149012602752,0.750868712471819,0.61625,1,1,0,95.96289982965394
Hamirpur,16,-0.5733273328870754,1.9808874887483465,1.446300498730596,2.4940234375,2,0,0,144.1663688647014
Hanumangarh,16,-0.41672382080726234,1.9080047569401946,1.1103458396295374,2.5696484374999993,2,1,1,173.59754384946044
Haora,16,-0.6680596709791107,1.3674981798019832,1.1007940564550722,1.12109375,1,0,2,133.44745800605375
Hapur,16,-0.09611152980049908,1.1970775070093087,0.7146349614238268,1.3073437500000005,1,1,1,159.07921284216653
Harda,16,0.6872754626927617,0.9705024471890833,0.7812499999999998,3.0118359375,0,1,0,86.02164147794186
Hardoi,16,-0.041734431678184025,1.2091188831984696,0.834507996285135,1.4033984375000002,2,1,1,139.31385121527524
Hardwar,16,0.3934813415210203,0.7758060324591449,0.4812499999999994,0.9923437499999997,0,1,0,106.0582446915674
Hassan,15,-0.20608602523421804,1.3914632942251828,1.1628375556071597,1.605333333333333,2,0,1,92.94161658493131
Haveri,16,0.12643138124997,1.165972196465136,0.9358856714914243,1.5562499999999992,1,0,0,96.35294482801393
Hazaribagh,16,0.4047890535917903,0.8077747210701757,0.6249999999999996,1.0962500000000004,0,1,0,103.10500683998528
Hingoli,16,0.7169259903887224,0.8166693975119742,0.6529295591812807,2.35609375,2,0,1,102.55733024644749
Hisar,16,-0.29223877226533146,1.751356580870002,1.1542643076691264,2.37359375,2,1,1,174.12934757905535
Hojai,16,0.20929471444935654,0.4344536799245686,0.3124999999999998,0.23871093750000028,0,1,0,92.2184450807685
Hoshangabad,16,0.7805108798486285,0.8514693182963192,0.6874999999999993,3.3031249999999988,0,1,0,96.96406088222793
Hoshiarpur,16,0.2414176097608346,1.2004331936150576,0.7598237439082587,1.8996484375000005,0,1,2,139.9325163090598
Hugli,16,-0.7193554043563593,1.3883654410322366,1.1175636621586373,1.12109375,1,0,2,134.65498666202305
Idukki,16,-0.20923558584287782,1.5255665770007851,1.137570566435109,1.9246484375000006,1,1,1,143.70792613314717
Imphal,16,0.3296829237234179,0.7854139036202503,0.6562499999999999,0.9202734374999999,0,1,0,98.11105647986614
Indore,16,0.3700376312683281,1.1880592681067614,1.0087724386878105,2.2405859374999997,0,1,1,123.95800304974588
Jabalpur,16,0.7906758153837184,0.7549885717726132,0.5389255253365359,2.7230859375000014,1,1,1,132.79935748913095
Jagatsinghapur,16,0.1894504272550379,1.5003915455401604,1.2542067036403242,2.77734375,1,0,0,98.58850418180096
Jagtial,16,0.7153305624983508,1.0126584661178128,0.767575203563015,3.6023437499999993,0,1,1,106.64184610518636
Jaipur,16,0.03617463968213952,1.8356535125940217,1.580691259495729,3.49609375,0,1,2,150.16105986240814
Jaisalmer,16,-0.3307280265030299,1.282761237997593,0.9571457542044883,1.2365234374999998,0,0,2,184.46758614043003
Jalandhar,16,0.2721719374044953,1.131350468225944,0.7863972723244794,1.7585937499999993,0,1,2,151.59323844310956
Jalaun,16,-0.5189580802521851,1.990861934102424,1.5082604694805224,2.609374999999999,2,0,0,149.03888264463086
Jalgaon,16,0.724664539412265,0.8785641695402786,0.6062499999999997,2.803398437500001,0,1,0,114.73870663232782
Jalna,16,0.5525822335562443,1.3246571453669078,1.0316571596780841,3.921875000000001,2,0,1,99.84449375250844
Jalor,16,-0.3562818782051336,0.7046462366671382,0.5982326691282429,0.36609375,1,0,2,117.60383136833451
Jalpaiguri,16,0.27292282871739726,0.6499999999999994,0.5249999999999995,0.5810937499999989,0,1,0,131.26883451023
Jammu,16,0.20994303469704834,1.0917302780449025,0.7062500000000005,1.5085937500000006,0,1,0,140.805767651302
Jamnagar,16,0.11647653163514238,0.7477099585996917,0.5294704404700801,0.6327734374999991,1,0,0,83.64702164543004
Jamtara,16,-0.09089559440299944,1.0715059495868422,0.8812500000000001,1.0524609374999998,0,1,0,126.36372831359077
Jamui,16,0.5293068865611763,0.861684396980705,0.6750000000000005,1.577460937500001,0,1,0,120.991209649046
Jangaon,16,0.4009410867209542,1.246434294164087,1.0352314785037184,2.5933984375000003,0,0,2,98.4788506235423
Janjgir,16,0.5392505537987462,1.1630621561985632,0.9312305856122483,2.9358984374999997,2,1,2,130.75282899744798
Jashpur,16,0.48659467038699544,0.9559190693402844,0.7627053153904122,1.7798437499999986,0,1,1,103.30582403430326
Jaunpur,16,0.28906014160886384,0.8203177668563212,0.5246643177446471,0.9465234375000003,2,1,2,134.07403909378664
Jhabua,16,0.427896400051458,0.6074593171289824,0.5038054559728158,0.645,0,0,1,114.90396405787173
Jhajjar,16,-1.1088419484850145,2.6037659952124868,1.9262514916486708,3.21484375,2,1,2,170.083488394304
Jhalawar,16,-0.2287632094536709,1.1685097851291288,1.0216081331512703,1.1112109375,0,0,2,118.33836144772332
Jhansi,16,-0.6408757107326595,1.9568181579013781,1.6919908464348739,2.3335937500000004,0,0,2,142.7243662579096
Jhargram,16,0.08707311556977171,1.0505950694725346,0.7999999999999996,1.2090234375,0,1,0,113.82020406083882
Jharsuguda,16,-0.717111221803741,2.0980885577760855,1.9273887161683922,2.56359375,0,0,1,117.7011689895063
Jhunjhunun,16,-1.3428097953453806,1.7082922616833136,1.4845432855342837,1.2456250000000004,2,0,2,156.74983492640956
Jind,16,-0.41872334538103373,1.453143355113288,0.9312630840855582,1.4883984375,1,1,1,172.186945908035
Jodhpur,16,-0.18047397404496102,1.1776554973524236,0.8367451654042739,1.1748437499999995,1,1,1,132.83328548438973
Jorhat,16,0.2872648242922735,0.4689836037950116,0.41466140850625144,0.3085937500000003,0,1,1,150.4081080170062
Junagadh,16,-0.10861981118631703,0.7237560782373681,0.5641440174944585,0.4725000000000005,1,0,0,108.83912304955177
Kadapa,16,-0.146282603403195,1.4117081036852215,1.1956544751077005,1.7385937500000006,1,0,0,164.8221773070056
Kaithal,16,-0.4278367719113141,1.5539002030373121,0.9074982512819907,1.6910937500000007,1,1,1,171.77918004723855
Kakching,16,0.274046705837495,0.80711191993963,0.6100950845172506,0.8973437500000006,2,1,0,101.52939389977296
Kancheepuram,16,-0.5332987270822547,0.8617955505399567,0.6205713377092008,0.484375,0,0,2,138.2306197581965
Kangpokpi,16,0.329682923723418,0.7854139036202502,0.6562499999999997,0.9202734374999999,0,1,0,96.96406088223284
Kangra,16,0.368610563705812,1.0068515282801136,0.7875000000000001,1.6055859375000001,0,1,0,105.70379385494341
Kanker,16,0.7854388986247282,0.8690348391571346,0.7128732864271479,3.5198437499999997,2,1,1,102.51240364710718
Kannauj,16,-0.041734431678184025,1.2091188831984696,0.834507996285135,1.4033984375000002,2,1,1,139.31385121527524
Kanniyakumari,16,-1.246996239919273,0.5725672366391545,0.4148997226364297,0.14589843750000026,0,1,2,59.83853098489024
Kannur,16,-0.662358986549372,0.4393056892355435,0.3640563315483041,0.11609374999999983,1,0,0,66.05235591364064
Kanpur,16,0.5372795421399434,0.854609412354906,0.645499433836356,1.5783984374999995,0,1,1,103.15283035817586
Kantha,17,-0.0644701508371266,1.7960167184442404,1.4262235078621182,3.0303114186851214,1,1,1,154.08400171477282
Kapurthala,16,-0.5148901830125363,2.004497320738957,1.5627776640026043,2.65234375,0,1,1,175.51615193123453
Karaikal,16,-1.190985222961939,0.5005080913591703,0.4138108502138653,0.11433593749999987,1,0,2,93.45119183750855
Karauli,16,-0.26776604859284237,1.8186894550872306,1.4601780825230568,2.6090234374999985,2,0,2,134.30299201858696
Kargil,16,-0.3937740573265065,1.207010770457331,0.80625,1.0452734375000001,0,1,0,113.69897330904853
Karimganj,16,-0.03552721169414941,0.6377519757412765,0.5231571065746086,0.3927734375000005,1,1,0,65.890016241664
Karimnagar,16,0.6617214596243763,1.0341097793573175,0.7190976699485283,3.16125,1,0,0,101.15908500223935
Karnal,16,-0.2731314783038479,1.2280933256494466,0.7681968036690199,1.1846484374999995,1,1,1,162.8001076929149
Karur,16,-0.611657260145041,1.1130582030490481,0.902131292757735,0.7687109375000001,2,0,2,92.57173877779579
Kasaragod,16,-0.26484208881534377,1.4267463813471524,1.0986371742291963,1.609375,0,1,1,114.32956610362035
Kathua,16,0.2521512226954753,1.220644025671617,0.7160281553908974,1.992343749999999,0,1,2,122.22563319833101
Katihar,16,0.029643419733638154,1.0289557813628338,0.7125000000000001,1.0910937499999993,0,1,0,151.05901331394375
Katni,16,-0.6224297470060292,2.122744713257173,1.8219619223299897,2.77734375,0,0,1,101.75119205742273
Kavaratti,16,-0.15672540341148378,0.3591684747190692,0.31837007508916715,0.1115234374999998,1,0,0,28.46049320770506
Kendrapara,16,0.43858411417004795,0.7303047935885774,0.6317301167138325,0.9500000000000002,0,1,1,69.55007830497432
Khagaria,16,0.10475454669916939,0.9900801991954441,0.7976276213227869,1.0949609375000002,1,1,1,154.67867796864925
Khammam,16,0.00719150329716467,1.3976232386672847,1.1183990953436698,1.9675000000000014,1,0,0,109.28379620626856
Khandwa,16,0.763025079586924,0.6905613658466574,0.5562500000000008,2.0123437500000008,0,1,0,102.04555166920818
Khargone,16,0.7739830497728845,0.6375003753937188,0.45788236837682894,1.7981250000000015,0,0,2,101.25403450805251
Kheda,16,0.16613478997551834,1.1169335383361287,0.9276090524348442,1.49609375,1,1,1,140.47054202913992
Kheri,16,-0.16685344848147166,1.1936655532881357,0.6912177861888318,1.2210937499999994,2,1,2,146.0514693716874
Khordha,16,0.18261585153694382,1.5067039377671185,1.261802090136852,2.77734375,1,0,0,99.11933586082091
Khowai,16,0.12918588636850914,0.6264268592223601,0.5378830406381587,0.45062499999999994,0,1,1,86.12932486636826
Khunti,16,-0.19574610921300217,1.5683836393606736,1.30343912111982,2.0571484374999995,0,1,2,107.72610835122505
Kishanganj,16,0.3378238970811329,0.6528782428600302,0.5750000000000002,0.6437109375000002,0,1,0,149.63991376777736
Kishtwar,16,0.18146865368116682,1.0031201323869439,0.7749999999999999,1.2293359374999997,0,1,0,117.43407829834544
Koch Bihar,16,0.16026997078674265,0.5706356105256665,0.4687500000000002,0.3877734374999998,0,1,0,117.58251813550163
Kodarma,16,0.4380305602716478,0.7877975628294358,0.6187499999999995,1.1043749999999999,0,1,0,113.86054019809141
Kohima,16,0.012267981919090398,0.6970227301842797,0.5723120710986893,0.4918749999999998,0,1,1,79.9129118986613
Kokrajhar,16,0.2545898333863944,0.5238081709939243,0.4437500000000003,0.36808593750000007,0,1,0,109.73537897115338
Kolar,16,-0.10312688255304825,1.224566497161567,0.841232792515439,1.359375,0,0,0,122.65205898807659
Kolhapur,16,0.248053539926119,1.5325714544586164,1.0649638756329278,3.12359375,2,0,1,83.10678807268533
Kolkata,22,-0.11293715956043271,1.0807979117995214,0.9308288361415941,1.049586776859504,1,0,0,179.5760830297647
Kollam,16,-0.15933730735175233,0.37775404611217067,0.3224491783613004,0.12308593749999991,0,0,0,63.61314253755381
Kondagaon,16,0.7106773396622018,0.7224027606427759,0.507761675099756,1.8037500000000009,0,1,2,102.1489442615161
Koppal,16,0.5725642897713437,1.3171134734945338,1.0182084513732657,4.05859375,0,1,1,122.86152728381613
Koraput,16,0.5170328962738544,0.6309881188534702,0.5061438194463442,0.8243749999999994,0,1,2,83.21219771732562
Korba,16,0.7481598465764641,0.8656173051510532,0.6633227625649292,2.975273437500001,0,1,2,117.60607414045064
Kota,16,-0.40539829352870527,1.6262791622702213,1.2316900814685894,1.8818750000000004,0,0,2,130.59414373757238
Kottayam,16,-0.18319812161136473,0.3897701759599293,0.29572334246006693,0.12839843750000002,0,0,0,84.91668032708877
Kozhikode,16,-0.1931263338745559,1.2345170981137026,1.0506079934514925,1.27734375,0,0,0,122.05022630741297
Krishna,16,0.08234688303152549,0.8502368789854066,0.5572757564494077,0.7877734375000001,1,0,2,106.72142368805686
Krishnagiri,16,0.01682442067385037,0.9955528492310725,0.7338220289362813,1.0080859374999993,0,1,1,127.55226345777993
Kulgam,16,-1.0412556053811657,1.3334635353094584,0.9062499999999998,0.8710937499999998,0,1,0,145.48677273721606
Kupwara,16,-0.6872993170907717,1.664669783411502,1.2184253544843568,1.6423437499999998,0,1,2,103.1637213049161
Kurnool,16,0.08775029210328855,1.7964778832382324,1.3644804163693485,3.5377734375000003,2,0,1,138.37286599866522
Lakhimpur,16,-0.17646175694248423,1.200409026167756,0.7033257056880993,1.2248437499999993,2,1,2,145.91898003102133
Lakhisarai,16,-0.2876786636970614,1.2280853532451168,1.0388440446550666,1.1712500000000001,2,1,2,154.4755663286359
Lalitpur,16,0.055108278521319276,1.6905517646547163,1.1905063808609286,3.024648437499999,1,1,1,134.07169285402463
Latehar,16,0.6184166556018612,0.8415342730064713,0.7333732104779849,1.8558984375,0,1,1,128.6971238169679
Latur,16,0.48228243931311265,1.085333595701418,0.8941437774604462,2.2752734375,0,0,2,109.17371094568338
Lawngtlai,16,-2.107476196644812,1.4452284491191183,1.3056575519567426,0.6721484374999995,0,0,2,90.1152702582373
Leh,16,0.18251237585357738,1.468537573690562,0.9572825812743654,2.6380859374999996,1,1,0,166.93494411527396
Lohardaga,16,0.3912952775896904,0.8857021005994546,0.6849240234130112,1.2887499999999998,0,1,1,103.20314191977724
Lucknow,16,-0.298770419024186,1.8922201155594476,1.5097596914785274,2.7568359374999996,1,1,1,140.18352655498413
Ludhiana,16,0.13759766649617666,1.2244177673732932,0.8827513540352074,1.7383984375,0,1,2,162.61968070144607
Lunglei,16,-0.5610744886674721,0.9652804439246641,0.7312847930123865,0.5968749999999994,0,1,1,110.93151876874185
Madhubani,16,0.5144766146993316,0.5220153254455271,0.38749999999999973,0.5612499999999988,0,1,0,150.2436359106833
Madurai,16,-0.8880287926241712,1.0807047751062073,0.9341725772587006,0.6185937499999999,0,0,0,124.3437710059498
Mahamaya,16,-0.06165419669665151,1.3794380247443212,1.1921292021913088,1.7923437500000006,0,1,1,98.64173652990696
Mahasamund,16,0.7815075772814642,0.8426289575447068,0.6397574103533004,3.2496484375000003,0,1,1,104.60730020718098
Mahe,16,-0.12022833479438644,0.4367437799789957,0.3437430706915019,0.17027343750000035,1,0,0,72.95168465321305
Mahendragarh,16,-0.8838587800817777,2.1959927422637273,1.5140959059677408,2.559843750000001,2,0,2,153.7181926989357
Mahesana,16,0.3057255083327475,0.48604852417035593,0.3988452160507603,0.3402734374999999,1,0,0,121.2127935132962
Mahoba,16,0.06985566007184663,1.4260055152083553,0.8738978557484247,2.1862109375,1,1,1,151.7936449457152
Mainpuri,16,-0.20023938318873702,1.7154698882976305,1.1694019811452296,2.4518750000000002,2,1,1,148.34198080550323
Majuli,16,-0.10203961124805505,0.5938094199127051,0.5027361180709344,0.3199609375000001,0,1,1,147.48488442549242
Malappuram,16,-0.1931263338745559,1.2345170981137026,1.0506079934514925,1.27734375,0,0,0,122.05022630741297
Maldah,16,-0.4969605960358161,0.8670042815917657,0.7659695604550465,0.5021484374999999,1,1,2,144.6636111731697
Malkangiri,16,0.3528971548132338,0.9749919210189866,0.7395307660751462,1.4690234375000002,2,1,0,109.63101786475137
Mamit,16,-0.328858369764391,1.3613560331708616,1.0694145131737822,1.3946484374999992,2,1,2,126.32034641867166
Mancherial,15,0.441359260593585,1.5622068839976087,1.1896727221810819,4.368622222222223,2,0,2,108.84546684554998
Mandi,16,0.09135372971962319,1.016374551297406,0.638456909149648,1.1368750000000003,0,1,1,149.95702667232806
Mandla,16,0.9067032914076428,0.5500000000000005,0.4000000000000009,3.24234375,0,1,0,121.41204780607124
Mandsaur,16,-0.4642490252094693,0.9593840657892253,0.8691938139742799,0.6285937499999998,2,1,2,100.1339680648388
Mandya,16,0.00418248259009113,1.2423210356016128,0.9617284172449458,1.5498437500000004,0,1,1,110.70334715959527
Mansa,16,-0.15548157516918693,1.396104525497462,0.8839464241045503,1.686835937500001,2,1,1,180.44649864293615
Mathura,16,-0.9726340373706865,2.3221996562838925,1.7358158897163056,2.7337109374999993,2,0,2,153.5315479777822
Mau,16,0.6879288437102931,0.4380353866983803,0.3312499999999996,0.6148437500000002,0,1,0,149.61606875974786
Mayurbhanj,16,0.1342914565006722,0.9526843571378176,0.7697376209285356,1.0483984375000008,0,1,2,98.06192755008666
Medak,16,0.43999348069832234,1.2256408987840157,1.0251507923505625,2.6824609375,0,0,2,94.91428394876685
Medchal,16,-0.3380919099731159,1.8206904267605357,1.377076834702328,2.47734375,2,0,2,120.23757401014836
Medinipur,16,0.04427658338175433,0.9817076958035937,0.8125000000000007,1.008398437500001,0,1,0,99.1877582643558
Meerut,16,-0.3371823291695011,1.517661543953218,0.8122224990785687,1.7224999999999997,1,1,1,162.77312631517634
Mirzapur,16,0.688509845188191,0.7347457890714424,0.6228936434345376,1.7331250000000002,2,1,2,126.54474139432928
Moga,16,-0.13799893680928021,1.3915214201840633,0.9544082691324285,1.7015234375000008,2,1,1,170.9108894810685
Mokokchung,16,0.10126167014705323,0.8730448665678762,0.6706440831094896,0.8480859375,0,1,1,99.72721419864511
Mon,16,-0.7631630328531367,0.9669325324467878,0.7272376142785482,0.5302734375,0,1,1,118.42267002444292
Moradabad,16,-0.23333677445189727,1.27152634677394,0.8422047389060434,1.3108984374999997,2,1,2,148.64510475117234
Morbi,16,-0.3317345893661505,0.8326669926139454,0.7126872706354015,0.5206250000000001,2,0,1,121.895647043767
Morena,16,0.017157114286799224,1.756289434242061,1.1696551196226204,3.138398437499998,1,1,1,146.4689527094076
Muktsar,16,0.06810927542548606,1.2701715698753562,0.934412494590686,1.7312499999999995,2,1,1,171.22808659280741
Mumbai,19,0.2452119276855994,0.8603210403790149,0.7120266010673898,0.9806094182825484,1,1,1,142.68545895805184
Mungeli,16,0.7595049990858264,0.9880536422684755,0.7124999999999999,4.059335937500001,0,1,0,120.32330883719077
Munger,16,0.22041166161403614,0.9741801636797159,0.8109231818497944,1.21734375,2,1,2,153.82797619638106
Murshidabad,16,-0.312468634517999,1.0600707523557096,0.825,0.8562109374999995,0,1,0,123.88801036899937
Muzaffarnagar,16,-0.3322170090699763,1.3335297327771702,0.7558619552184163,1.3348437499999999,1,1,1,157.25283650726692
Muzaffarpur,16,-0.08081861502600107,0.9305717037458392,0.7852503136587159,0.8012109374999999,2,1,2,156.3602949388785
Mysore,16,0.1931807304098877,1.1509408637634462,0.9065026780224221,1.6418359375000002,1,0,0,105.31780581141983
Nadia,16,-0.3617653634825231,1.2649404342070671,0.9364705971836214,1.1749999999999994,0,1,1,114.93308281215567
Nagaon,16,0.04898734849089448,1.5630655108106994,1.1756117443778533,2.569023437500001,2,1,2,132.92537803398545
Nagapattinam,16,-1.1302397399060902,0.39804092836731675,0.33083494039432737,0.07437499999999997,2,0,2,90.26460655871648
Nagar,22,0.7398541301396818,0.7451222620445928,0.587621258681832,2.1342148760330573,2,1,2,179.28397910266514
Nagaur,16,-1.0363206551033457,1.9440175724656592,1.4580923827658843,1.8558984374999996,2,0,2,171.7957091335859
Nagpur,16,0.5993349072803045,1.328105969709391,1.1130709589535193,4.40234375,0,1,1,139.3547573943072
Nalbari,16,-0.36092146533029523,1.4655047551865439,0.9169676737101329,1.578125,0,1,1,156.92817143858719
Nalgonda,16,0.2815331707495997,1.5351036234830517,1.1962385416687737,3.2799609375,0,0,1,119.26704865609041
Namakkal,16,-0.370327459544995,0.7047624959294246,0.5833849456482734,0.3624609375000001,0,1,1,74.09510248438924
Nanded,16,0.6546214389422701,1.0035381440355085,0.7498300063207584,2.9158984375,2,0,1,116.41402857299167
Nandi Hills,16,-0.14874267346050085,1.2113378035474092,0.8040862529933728,1.27734375,0,0,0,124.93069418087548
Nandurbar,16,0.3916617848766173,0.987543518595344,0.718813515906074,1.6031249999999995,0,0,2,124.85550087859828
Narayanpet,16,0.41653581715631505,1.2256488676189883,1.1092129724226583,2.5746484375000005,2,0,1,138.6285755921112
Narayanpur,16,-0.30159762901102094,1.853045397456495,1.3805330973602796,2.6381250000000005,2,0,2,130.7935818335725
Narsimhapur,15,0.7039254725852174,0.762555159868867,0.605365863222607,1.964000000000001,0,1,1,136.775243819659
Navsari,16,0.4871207428457397,0.772348788845795,0.6836496597149193,1.1630859375000002,2,0,1,75.2621679902786
Nawada,16,0.010090281465745643,1.0793516572461452,0.8374999999999999,1.1768749999999994,0,1,0,149.99013484102662
Nayagarh,16,0.05412111055468238,1.0878851097539366,0.8397672562125911,1.2512109375,1,1,1,84.05291301445511
Neemuch,16,-0.24918711211932698,0.7669682257056858,0.6586342765495448,0.47089843749999954,2,0,2,90.07392679714339
Nellore,16,-0.2763442288563427,1.0578962560109404,0.8117859337580862,0.8768359374999994,2,1,2,143.52377841502664
New Delhi,16,-0.9102547880209801,2.232615302171927,1.5324119764686983,2.609375,2,1,2,173.70058656050628
Nirmal,16,0.20021022741804373,1.350829045889423,1.14679099151774,2.2815234375000006,0,0,2,102.0132696599026
Niwari,16,-1.0486629639427991,2.312083459033917,1.6093815303680354,2.609375,2,1,2,164.99277870311863
Nizamabad,16,0.6568298653498266,1.012313394910734,0.7762280836080007,2.9862109375,1,0,0,101.21040297387647
North Gauhati,16,-0.28587902176165714,1.424527230774342,1.0471624934762953,1.578125,0,1,1,164.6944006192185
Osmanabad,16,0.588547388513873,1.0205260165505938,0.8657592164938479,2.5312109375000005,1,0,0,131.37566486787074
Palakkad,16,-0.18529968775576,1.4327402402260343,1.245865061357907,1.7318359375000003,0,0,0,101.9776329207246
Palghar,15,0.5494498173382524,0.5061549625240784,0.40870515154723347,0.5686222222222227,2,0,2,71.26132223695132
Pali,16,-0.05843152391187201,0.9258316015577596,0.7126739560410653,0.8098437500000009,1,1,0,146.05230972036654
Palwal,16,-1.0384609021975049,2.2899478255026002,1.5726038354354548,2.5724609374999994,2,1,2,162.8267291247985
Panipat,16,-0.5226974576694783,1.447766810886236,0.8698833111145212,1.3765234375000008,1,1,1,167.31917517621844
Panna,16,0.25563937892014277,1.1776403874483112,0.8126154079310208,1.863124999999999,1,1,1,153.11210550365809
Parbhani,16,0.7304869082996994,0.9590114168101079,0.7994088491810545,3.412460937499999,1,0,0,111.25687433136159
Patan,16,0.028251955843321297,0.5272675241354711,0.4375494409106375,0.28609374999999976,2,0,2,107.52866405663903
Pathanamthitta,16,-0.16441845412591882,0.4211791470036775,0.35046954579989853,0.15234374999999994,0,1,1,66.97419162604692
Pathankot,16,0.24621890475593144,1.2230105953346906,0.7132079118526174,1.9843359374999987,0,1,2,122.64461095828972
Patiala,16,-0.2912614199960646,1.3470617559670377,0.7770918617331786,1.4052734374999987,0,1,2,168.1222579058537
Patna,16,-0.7342025251447097,2.1272481552582145,1.7118098774817774,2.609375,1,1,1,164.62961118474445
Peddapalli,16,0.5779321666166211,1.4750847739247084,1.0722279905942695,5.155273437499998,1,0,0,106.43700900763676
Pendra,16,0.5983919364273526,0.62152775975731,0.51789282882727,0.9618750000000004,0,1,2,206.99326789098077
Perambalur,16,-0.17990996465407028,1.0069682844432548,0.8002725151877363,0.859375,2,1,2,120.52270814920358
Phek,16,-0.14039735099337758,1.4671400751121213,1.2000000000000002,1.8875000000000004,0,1,0,105.76845220618216
Pilibhit,16,0.5803520073622452,0.6538348415311014,0.4750000000000003,1.0187109375000005,0,1,0,139.21098710177426
Pithoragarh,16,0.6111428390126276,0.48925964476952305,0.4062499999999998,0.6155859374999995,0,1,0,109.45403862178071
Porbandar,16,0.04337157739924091,0.41814622467378926,0.3098513062628925,0.18277343749999958,1,0,0,50.55109237686057
Pratapgarh,16,-0.3671909721198223,0.9407669907358522,0.8530669842812746,0.6473437499999999,2,1,2,101.58016129662428
Puducherry,16,-0.8213031190630853,0.4417576070895502,0.3410004738686696,0.10714843749999964,1,0,0,107.09905321561497
Pudukkottai,16,-0.14009352685075127,0.9710955562345361,0.70814427366851,0.8271484375,2,0,2,124.18127379068625
Pulwama,16,-0.43119226591820703,2.280076753094071,1.5375,3.6324609375000003,0,1,0,153.5111043706006
Punch,16,-0.3528263094730728,2.0424801803346524,1.5431823908160693,3.0837109375,2,0,0,152.96811674442216
Pune,16,0.35714214114770604,1.1031818907323256,0.98533595542423,1.8931249999999995,0,0,1,126.8244046601465
Puri,16,0.4034882205423216,1.287135681456373,1.104109477035553,2.77734375,0,1,1,96.24403839407118
Puri District,16,0.3692137490126156,1.4031190347018518,1.1387118126684774,3.12109375,1,0,0,109.32344903704546
Purnia,16,0.294447453519203,0.8221967730397106,0.7242871660394918,0.9581249999999997,2,1,2,149.42345327248836
Puruliya,16,-0.14049640525358575,1.4470091804751704,1.1669325533221084,1.8358984374999996,0,1,1,132.13181031327542
Rae Bareli,16,-0.027457676772437267,1.2401353050587842,0.9764352563678924,1.4968359375000007,2,1,1,127.03242076456071
Raichur,16,-0.0704710189272908,1.8630177180518257,1.4983443513662378,3.242343749999999,2,0,1,150.03248584548666
Raigarh,16,0.5310621855370252,1.001240632214979,0.8079592807001565,2.1377734375,1,1,1,120.98553696807572
Raipur,16,0.7810622742236487,0.8434871892796734,0.6404566867628254,3.2496484375000003,0,1,1,105.32087555571995
Raisen,16,0.43865191211550814,1.2634609708738624,1.029601585801967,2.843749999999999,1,1,1,134.21526417009343
Rajgarh,16,-0.5277384112965244,1.774489247969172,1.3737908201403286,2.0610937500000013,2,0,1,135.1402159635569
Rajkot,16,-0.013882063361583263,0.7926225055922149,0.6461890232832102,0.6196484374999996,1,0,0,127.02826745018794
Rajsamand,16,0.12977082163368792,0.732844170131467,0.5938888922893937,0.6171484375000003,1,0,0,105.61832113289012
Ramanathapuram,16,-2.1116855078039323,0.5468212955486771,0.4058983790517048,0.09609374999999987,1,0,1,87.57831733650698
Ramban,16,-0.10542132467844789,1.1986972094736856,0.86875,1.2998437499999995,0,1,0,116.18995714587801
Ramgarh,16,-0.19574610921300217,1.5683836393606736,1.30343912111982,2.0571484374999995,0,1,2,107.72610835122505
Rampur,16,-0.0032342807407581553,1.0451178513241945,0.6385663543093907,1.0887500000000006,2,1,2,147.29964791367695
Ranchi,16,-0.21057897691660155,1.5835854014316724,1.3215044774469575,2.0715234375,0,1,2,105.58010236811124
Ranipet,16,0.05718688333035138,0.4566843257938575,0.3722158945986298,0.22121093750000032,0,1,1,148.58453439020593
Ratlam,16,0.5865862816411787,0.7083193522448229,0.544174108828031,1.2135937499999994,0,0,2,101.93556111122736
Ratnagiri,16,0.500393810185869,0.7085380422362958,0.5571596894861013,1.0048437499999996,0,1,1,56.93066648058854
Rayagada,16,0.17479010638418613,1.407257903027045,1.225849200152192,2.3998437499999996,1,1,1,158.53858216014652
Rewa,16,0.6850513766872866,0.8426149773176357,0.5874999999999999,2.2543359374999987,0,1,0,128.29321114421003
Rewari,16,-0.9043336676123199,2.1533643659636676,1.5166689664431254,2.4349609375000005,2,0,2,151.34773416191146
Rohtak,16,-1.7275881102189663,2.646253254574282,1.9884479446795293,2.5673437500000014,0,0,2,167.90856941488943
Rudraprayag,16,0.4839387768508181,0.5539629951540084,0.38124999999999976,0.5946484375000002,0,1,0,130.38231578970138
Rupnagar,16,0.08064145646110044,1.402598885426913,1.0862119565417032,2.139843750000001,1,1,1,164.9372689559894
Sagar,16,0.5383477635037643,1.1975531272765516,0.8951950186783872,3.1065234375,1,1,1,125.08757108034222
Saharanpur,16,-0.2482506029836531,1.2796483892069732,0.7625,1.3118359375000002,0,1,0,145.30300158711216
Saharsa,16,0.19213776240801972,0.8341290979974819,0.7030554268935907,0.8612499999999998,1,1,1,159.75453830093898
Sahibganj,16,-0.20769073593530196,1.2346193645589585,0.9542008866137641,1.2621484375,1,1,1,159.23917680240604
Saiha,16,-2.169007256149412,1.4594667778497008,1.3155103084999236,0.6721484374999995,0,0,2,90.5165552600421
Saitual,16,-0.1750571656472255,1.2918600852696054,1.0241906733435948,1.4202734375,2,1,2,135.44215602319878
Salem,16,-1.8880928802912766,0.8766432939713892,0.7655556812598792,0.26609375000000024,2,0,2,93.76894293193506
Samastipur,16,-0.7648432730541612,1.1134641437067243,0.9280904486025774,0.7025000000000003,2,1,2,157.8148098906398
Samba,16,0.050039223867442084,1.2391021363972574,0.8316871617835808,1.6162500000000009,0,1,2,147.08719780398349
Sambalpur,16,0.6519000310943264,0.8397709110821848,0.7194119794382194,2.0258984375000004,1,1,1,98.80710112115415
Sambhal,16,-0.3233210339581678,1.2919127888831117,0.8444261827770723,1.2612500000000002,2,1,2,149.8365146734272
Sangli,16,0.25693394561565375,1.664605278259647,1.323596457400846,3.7290234374999995,0,1,1,116.9700706329457
Sangrur,16,-0.3924691031930072,1.5413779594890817,0.9908018875635167,1.7062109374999999,2,1,1,173.6005524011693
Sant,16,0.652916988600769,0.41474023146375755,0.3340705785010234,0.4955859375000003,0,0,2,118.31844113377146
Saraikela,16,0.12134198604138668,1.0588909292273685,0.8500000000000003,1.2760937500000007,0,1,0,106.72709579021058
Saran,16,-1.639462357322698,1.6699262986462693,1.4298638717577106,1.0565234374999994,0,0,2,118.63253508357909
Satara,16,0.38210443505462477,1.216802412454401,0.9797836236491897,2.396210937500001,1,0,0,120.71016098197963
Satna,16,0.4088618743051845,1.2646639869941738,0.7437499999999999,2.7055859374999995,0,1,0,128.86071272620399
Sawai Madhopur,16,-0.5603016966074983,1.8176069557047483,1.352586604587993,2.11734375,2,0,2,137.07988056644498
Sehore,16,0.5403116199768424,0.7434765096494323,0.6162941333454708,1.2024609375000002,1,1,1,137.73626760246168
Seoni,15,0.4818636014526527,1.3955787973858407,1.1465194365458915,3.758933333333334,1,0,2,114.34720375373547
Serchhip,16,-0.5610744886674721,0.9652804439246641,0.7312847930123865,0.5968749999999994,0,1,1,110.93151876874185
Shahdara,16,-0.8944827378688216,2.2233793860082574,1.5359042838628432,2.609375,2,1,1,174.15349025814692
Shahdol,16,0.7838219633507201,0.8296480792263916,0.6497779023157858,3.1840234374999987,1,1,1,128.16919768121798
Shahjahanpur,16,0.03690812138567434,1.1094826755537626,0.7467244557690482,1.2781250000000004,2,1,2,149.5948749244891
Shajapur,16,0.44510457421629657,0.6698880503487136,0.5500000000000003,0.8087109375000002,0,1,0,99.79142224525299
Sheikhpura,16,-0.902489134729356,1.9395553614166317,1.30625,1.9773437500000002,0,1,0,131.50345360590583
Sheohar,16,0.5215050275705482,0.5367727638395972,0.43125000000000013,0.6021484374999999,0,1,0,147.67780524413163
Sheopur,16,-0.469137619196222,1.6816243231470367,1.2933514319746817,1.9248437500000009,1,0,2,126.33621139554025
Shimla,16,0.3154724818276219,0.7176350047203662,0.5375000000000002,0.7523437500000001,0,1,0,166.40860155194557
Shimoga,16,0.18418825625842083,1.36475943659817,1.125159035793496,2.283085937500001,1,0,0,94.35313918141149
Shivpuri,16,-0.3486666148936699,1.7368933859596207,1.1659257786740327,2.2368749999999986,1,1,1,122.78021027680393
Shupiyan,16,-1.0412556053811657,1.3334635353094584,0.9062499999999998,0.8710937499999998,0,1,0,145.48677273721606
Siang,25,0.6612277303824808,0.8613458601622701,0.6272366860079639,2.1900160000000004,2,1,1,168.18349145486374
Siddipet,16,0.43999348069832234,1.2256408987840157,1.0251507923505625,2.6824609375,0,0,2,94.91428394876685
Sidhi,16,0.7906051511132827,0.6846531968814574,0.5624999999999996,2.2385937499999997,0,1,0,122.49659007134629
Sikar,16,-0.8424033847774834,1.580017906978744,1.275289645428352,1.3550000000000004,2,0,2,149.7469869366421
Simdega,16,0.14072410760536036,1.5905119825039187,1.246611187196444,2.9440234374999985,1,1,0,112.60534400295428
Sirmaur,16,0.43917421104154697,1.1200433860687897,0.8729593004822238,2.2368750000000004,2,1,2,136.81365101979492
Sirohi,16,-0.3562818782051336,0.7046462366671382,0.5982326691282429,0.36609375,1,0,2,117.60383136833451
Sirsa,16,-0.09803549581744164,1.7040885711526663,1.1056500575423478,2.6446484375000012,2,1,1,173.1737667573944
Sitamarhi,16,0.5215050275705482,0.5367727638395972,0.43125000000000013,0.6021484374999999,0,1,0,147.67780524413163
Sitapur,16,0.29227443256114427,0.9360837132357519,0.6521017710486785,1.2381250000000001,2,1,1,140.71923708933667
Sivaganga,16,-1.1316395545345572,1.1148672782299536,0.8824058432234889,0.5830859374999999,0,0,0,128.25321953895377
Siwan,16,0.4091577533876012,0.6656120235229126,0.5434026827926497,0.7498437500000006,2,1,1,142.90997757050212
Solan,16,0.1783838552794117,0.7911819008666706,0.5985960565702629,0.7618750000000001,1,1,2,168.25768604973044
Solapur,16,0.7256785825755675,0.8927846620677902,0.7432311319396037,2.905585937499999,0,0,2,132.65539423259213
Somnath,16,0.2627293866094348,0.4195513781969949,0.3491195316682052,0.23875000000000052,2,1,2,57.7415679966243
Sonipat,16,-0.8597230602440942,2.181347243946138,1.4500387978680613,2.55859375,2,1,2,169.32530875094264
South Salmara,16,0.27467088983470356,0.5350233639758174,0.42500000000000004,0.39464843750000045,0,1,0,122.37630916689001
South Suburban,16,-0.7732422091692253,1.4099541687359243,1.1617817604109668,1.12109375,1,0,2,135.24720894708622
Srikakulam,16,0.10806890625277044,0.7192496328628837,0.662257565297192,0.5799999999999998,1,1,1,89.18969894099432
Srinagar,16,-1.220065452946069,1.7010672657239738,1.2387222822223927,1.3033984375000003,0,1,2,155.04899233889924
Sukma,16,0.37555696107420344,0.9637227045044078,0.7004357982073479,1.48734375,2,1,0,112.9839660487637
Sultanpur,16,-0.20182169514036397,1.125936989237505,0.755157525027754,1.0548437499999994,1,1,2,136.66189917593425
Sundargarh,16,0.5116220515184757,1.2035675222557607,0.9898031651703603,2.9660937499999998,1,1,1,120.2152777193189
Supaul,16,0.19213776240801972,0.8341290979974819,0.7030554268935907,0.8612499999999998,1,1,1,159.75453830093898
Surajpur,16,0.11125597040594082,1.3760616016335123,1.0725326740120928,2.130585937500001,1,1,1,164.51089061851252
Surat,16,0.5308490765419485,0.7021609305663118,0.6010386778415355,1.0508984375000008,2,0,1,67.69544291841132
Surendranagar,16,0.3740634724359285,0.5113703694752519,0.4233939130728581,0.41777343750000007,1,0,0,144.9026297136158
Surguja,16,0.748500050757144,0.7292155929240655,0.5395161527765431,2.1143359375000004,1,1,0,102.91125333360286
Suryapet,16,0.07167162322358256,1.4314816940586668,1.1125438511950938,2.2073437500000006,2,0,1,109.82614579981379
Talab Data,16,0.09290118143082682,1.1698049445637675,0.7385153191736771,1.5085937500000006,1,1,1,148.4018943833961
Tamenglong,16,-0.7159332535300342,0.7752714616407107,0.6513536980663558,0.3502734374999999,2,1,1,78.21689330899369
Tarn Taran,16,-0.4773331253871913,1.9794936932934852,1.4305774170644439,2.65234375,1,1,1,172.2803735059746
Tawang,16,-0.3650961484424877,2.2211459823505812,1.9435221482891003,3.6140234374999993,1,1,1,214.44495104769004
Tehri-Garhwal,16,0.06399262029069919,1.566321516455011,1.2095750013000228,2.6210937500000004,1,1,1,163.24214949093331
Tenkasi,16,-0.2935086848740849,2.0487520969442357,1.414738474911697,3.2449609375,0,1,1,130.64641021464612
Thane,16,0.13796853145950083,0.8508652896652089,0.6998273197747511,0.83984375,0,1,1,121.35688605697308
Thanjavur,16,-0.17990996465407028,1.0069682844432548,0.8002725151877363,0.859375,2,1,2,120.52270814920358
Thiruvananthapuram,16,-0.4172223194196152,1.150265143247702,1.0131721519268857,0.93359375,2,0,2,127.30873786235824
Thiruvarur,16,-2.1300780135755115,0.6590131443177755,0.5939501688842859,0.13874999999999968,1,0,2,83.09587421048899
Thoubal,16,0.329682923723418,0.7854139036202502,0.6562499999999997,0.9202734374999999,0,1,0,96.96406088223284
Thrissur,16,-0.024402861054303004,0.8765284626244189,0.642621626017319,0.75,0,0,0,120.13743835690273
Tikamgarh,16,0.0452619352478697,1.6523927158422345,1.266385753546662,2.8598437500000005,1,0,0,131.82346680288725
Tinsukia,16,-0.13810412056750332,1.0145089732703336,0.880310693075955,0.9043359375000002,0,1,1,117.64839536586302
Tirap,16,-0.35785251544034735,1.1076764177203002,0.8379710759634629,0.9035937500000004,0,1,1,114.92286477559192
Tiruchirappalli,16,-0.17990996465407028,1.0069682844432548,0.8002725151877363,0.859375,2,1,2,120.52270814920358
Tirunelveli,16,-0.20460911917648006,0.4088269992132814,0.340269364696133,0.13874999999999982,1,0,0,82.34556038630683
Tiruppur,16,-0.5712546583403646,1.2420605019574749,1.0773032579690105,0.9818359375000001,0,0,0,101.7187635604343
Tiruvannamalai,16,0.08477381944477869,0.5216673122062244,0.44564676604740416,0.29734374999999985,0,1,2,111.28905068097211
Tonk,16,-0.8736705358329415,1.7979416025274473,1.443096942165462,1.7252734374999996,2,0,2,133.17146648214379
Tuensang,16,0.10126167014705323,0.8730448665678762,0.6706440831094896,0.8480859375,0,1,1,99.72721419864511
Tumkur,16,-0.49297892554708533,1.176352345862605,1.0486022720551127,0.9268749999999994,2,0,2,110.35323095531831
Udaipur,30,0.4047418239999909,1.6276576009914085,1.3737385285463342,4.450622222222223,2,1,1,353.5007129531006
Udalguri,16,0.21882868089764718,0.5279678020485715,0.38749999999999973,0.35683593749999976,0,1,0,98.72390872232249
Udhampur,16,0.20994303469704834,1.0917302780449025,0.7062500000000005,1.5085937500000006,0,1,0,140.74745087671218
Udupi,16,-0.2225329050139766,1.466266935427149,1.1957406884342936,1.75859375,0,1,1,114.10969754815116
Ujjain,16,0.3925489691697903,1.1933437400207374,1.011363860057955,2.3443359375000004,0,1,1,126.79577027212233
Ukhrul,16,-0.02833318989264022,1.0507197940394488,0.8276882104345216,1.07359375,0,1,1,116.30308723449245
Umaria,16,0.8158377541285132,0.8273500151831645,0.6310535246939009,3.716875000000001,1,1,1,128.96684343336932
Una,16,-0.2791476700682378,0.5875117054961341,0.47232536641939205,0.26984375000000005,0,1,2,99.33944559350874
Unnao,16,-0.2931565566116001,1.8771924826097643,1.498096333404476,2.725,1,1,1,138.53581416375923
Upper Tirupati,16,0.2865940239645388,0.7009695899212915,0.5963888991142312,0.6887499999999996,0,1,1,149.63156154272613
Uttarkashi,16,-0.23061125213931222,2.1501750272665894,1.8434219222300239,3.756875,0,1,1,191.16943057070486
Vadodara,16,0.09455995085006397,0.9228648580543407,0.7657188714192336,0.9406249999999998,0,0,2,119.29560898772645
Valsad,16,0.3498385098918557,0.9603062228747989,0.8409752583576529,1.4183984374999992,2,0,1,91.42925578606041
Varanasi,16,0.7923771313941823,0.5086747487343956,0.42500000000000027,1.2462500000000003,0,1,0,134.81367543323518
Vellore,16,0.061078826278585185,0.567597857407126,0.4741716500020281,0.3431249999999996,0,1,1,143.01088562269342
Vidisha,16,0.45612285168965616,1.2663200757589579,1.0411296988191605,2.948398437499999,1,1,1,131.84008840929403
Vikarabad,16,-0.4526020855253401,1.9040869926481663,1.46999272030018,2.4958984375,2,0,2,120.53867733695157
Visakhapatnam,16,0.05938256754921112,0.522809906598522,0.43230670132024396,0.29058593749999995,1,1,1,82.39658725927656
Vizianagaram,16,0.05099431700513668,0.6069043011154074,0.45467301730989496,0.3881249999999998,0,1,1,94.20577223076738
Wanaparthy,16,0.25287282640644515,1.4196392326110931,1.1264297992355867,2.697499999999999,2,0,1,117.80504713671013
Warangal,16,0.6062277092088408,1.058433827549388,0.8643771939200098,2.8449999999999998,1,0,0,95.65689732227665
Wardha,16,0.5958987938136396,1.3297291284753545,1.1088035367359217,4.3755859374999995,0,1,1,139.3547573943072
Washim,16,0.7152384938378678,0.8190999968924345,0.6544543885500216,2.35609375,2,0,1,102.58557327892807
West Godavari,16,-0.17509763221145236,0.7519772824032006,0.537638303306825,0.48121093749999977,0,1,1,124.08688289218766
Wokha,16,-0.7836609062921618,4.437241049606838,3.006216494312488,11.03859375,0,1,2,228.68458329959293
Yadgir,16,0.38444983753618367,1.2588984327539439,1.044902584429596,2.5746484375000005,2,0,2,137.30229463046481
Yamunanagar,16,-0.5106887278199777,1.3350567979355226,0.7887339975310772,1.1798437499999994,2,1,2,147.87669289215984
Yanam,16,-0.45869861256602995,0.8017100948359738,0.6411520621842322,0.4406249999999994,1,1,1,107.00249438605265
Yavatmal,16,0.6143988085104348,1.253374761057687,1.125008656373596,4.0740234375,2,0,1,118.15878847389898
Zunheboto,16,-0.3240577502524382,1.738540727734693,1.3319390377704856,2.2827734375000004,0,1,1,104.21269627949654
