city,order_p,order_d,order_q,aic,r2,rmse,mae,n,variance,r2_undefined
Adilabad,1,1,1,894.9383747982795,0.08484144346625289,8.12859125873513,5.327732601792698,45,72.1995061728395,False
Agar,1,1,1,944.2473213804814,0.3309102518144361,6.663169062644281,5.225598883704664,45,66.35555555555557,False
Agra,0,1,1,1050.6771736020496,0.06458596562497898,20.874925447301347,16.882863009822493,45,465.8498765432098,False
Ahmadnagar,0,1,1,896.4832885494715,-0.10906476275397159,6.760747596925291,5.559213680188005,45,41.21283950617284,False
Aizawl,1,1,1,877.0880387602826,-0.205903196556541,13.190643379643777,9.894812261947779,45,144.28444444444446,False
Ajmer,2,1,1,1029.3097681439488,0.15246890443117467,13.414400026675645,9.047699613516032,45,212.318024691358,False
Akola,0,1,1,908.675586855688,-0.07268817873951594,7.124242915211221,5.2102688064896245,45,47.31555555555555,False
Alappuzha,1,1,1,738.0436275934015,-0.023392712470218013,5.736484624041934,4.4904389462778855,45,32.15506172839506,False
Aligarh,0,1,2,974.809749599202,0.25257436324591676,15.108902095353322,10.809133086259466,45,305.42024691358023,False
Alirajpur,0,1,2,930.9245353979261,0.18192880452990046,8.58514885326771,5.8477373441440905,45,90.0958024691358,False
Allahabad,1,1,1,1016.051512323259,0.37748657574179034,12.858969309419553,8.35070920401878,45,265.6217283950617,False
Almora,1,1,1,979.3975814756258,0.06860277308020302,16.85640078305566,13.418531347679389,45,305.0666666666666,False
Alwar,1,1,1,995.7012849380167,0.2175861435042319,14.11576171474954,10.580670594835976,45,254.66666666666663,False
Ambala,1,1,1,943.6500608409236,0.19829434090428055,15.711086662451498,11.43617037299553,45,307.8913580246914,False
Amethi,0,1,1,941.1524607597585,0.15767292862674087,14.479094758277494,11.035575938604767,45,248.88691358024687,False
Amravati,0,1,1,924.934203556328,-0.1329609344029612,7.710234696402312,5.008523558586022,45,52.47111111111111,False
Amreli,1,1,1,961.1268594678837,0.5133707199006539,10.925813773059208,8.96984904183797,45,245.30666666666664,False
Amritsar,2,0,2,968.8739296397106,-0.04783037895926978,10.02928421718533,5.453346982408148,45,95.99506172839509,False
Anand,2,1,1,962.0576101546116,0.24963091376485325,13.502484373047608,10.859048942075235,45,242.96987654320995,False
Anantapur,1,1,1,933.8782483991129,0.44361745114658246,8.534584376790775,5.945970689211869,45,130.91555555555556,False
Anantnag,2,1,1,1019.9221399204326,0.6073026144283884,14.105939711193821,9.335872812627652,45,506.69432098765435,False
Anugul,2,1,2,903.2448074362833,0.3953586528387669,11.707381768328245,9.366896810477131,45,226.68444444444447,False
Anuppur,1,1,1,959.9641341626877,-0.02426327607488976,14.50616055022924,10.435138906990327,45,205.44395061728392,False
Araria,2,1,1,913.1188309529341,0.13571521795769237,14.224114721628762,10.18086328092095,45,234.09580246913575,False
Ariyalur,2,1,2,845.38149062039,0.26419548344326993,3.8233471019854277,3.1450682840138025,45,19.866666666666664,False
Arong,1,1,1,499.8350099925904,-0.19275993155411952,5.526723402480273,3.2632435996082583,32,25.6083984375,False
Arwal,2,1,2,1064.9021537289168,-0.07303017370431064,9.302332628919805,6.130881215884813,45,80.64395061728396,False
Ashoknagar,0,1,1,983.7756768722877,0.35930693359309807,10.098889981393791,7.71469881892721,45,159.1832098765432,False
Auraiya,2,1,0,1013.8121505662518,0.18288262672844569,14.109730486357373,10.174246877241018,45,243.6424691358025,False
Aurangabad,2,1,1,1046.6602037541866,0.21575716724350225,14.65556945575541,9.773263691628049,45,273.8765432098765,False
Azamgarh,2,1,2,981.6502713101227,0.15765782603524503,14.254691394806104,9.459905640374785,45,241.22765432098765,False
Badgam,2,1,1,1028.9761029849606,0.4476398790928353,17.607275235623195,10.656499432294027,45,561.2572839506173,False
Bagalkot,1,1,1,967.010150245407,0.19372597168044015,8.133283760171075,6.195174225198708,45,82.04444444444445,False
Bageshwar,1,1,1,1011.1638296423683,0.042901919113177533,17.087384855770253,13.39389221376957,45,305.0666666666666,False
Baghpat,2,1,1,1049.2415614545648,0.417429229213944,13.99259397538333,10.383084385836511,45,336.0839506172839,False
Bahraich,1,1,1,930.1374445182921,0.2775473910312394,13.21104487634931,10.096406059853578,45,241.58222222222224,False
Baksa Duar,2,1,2,931.103191083978,0.3651764716216501,9.390819458951244,7.38839440177817,45,138.91654320987652,False
Balaghat,0,1,1,914.2442566737602,-0.16109830570228634,12.468953048101191,8.419493442902105,45,133.90320987654323,False
Balangir,1,1,1,849.5001188075948,0.3483052834643866,11.742064311710251,8.350527913012122,45,211.56543209876546,False
Baleshwar,2,1,1,947.171471920425,0.08811631766971029,13.509793937085012,10.447575097068931,45,200.1511111111111,False
Ballia,2,1,1,948.0193523168572,0.3598476226460655,13.019933640995937,8.88117063285048,45,264.8098765432099,False
Balod,2,1,2,900.4708138230501,0.2033406967342053,12.637250266045555,9.745217559205381,45,200.4622222222222,False
Baloda Bazar,1,1,1,930.5586506824523,-0.32852466480752773,16.316026618364084,11.702693776187305,45,200.3822222222222,False
Balrampur,1,1,1,947.2587415752106,0.19081378795822823,15.104732687856998,11.656748743634408,45,281.9535802469136,False
Banda,1,1,2,1013.6840404086075,0.3006689551560957,12.251710715867217,7.556589374938955,45,214.64,False
Bangalore,1,1,1,903.9834338121766,0.30819105140029923,8.264520403220532,6.6639449630544485,50,98.73,False
Banka,1,1,1,974.6468523097868,0.04820651964166667,14.536324602187273,9.839004112782323,45,222.00691358024693,False
Bankura,0,1,0,944.5802331003141,-0.32608862057030286,19.83767459490485,15.133333333333333,45,296.76246913580246,False
Banswara,0,1,2,958.2301237262956,0.26446760038248474,6.337168594351896,4.848704398345303,45,54.59950617283951,False
Bara Banki,0,1,1,1031.1434260444898,0.3262216950553204,13.23632602753052,9.529274241253678,45,260.0266666666667,False
Baramula,2,1,1,1043.372565208138,0.45528122947736505,17.3326922412806,10.696165257628236,45,551.5180246913579,False
Baran,1,1,1,966.3915547964397,0.4708464132741328,7.689661121331251,5.170712069801426,45,111.74617283950619,False
Barddhaman,2,1,2,1272.7360828237215,-0.05004522741961126,16.638215707740592,12.31979201756258,64,263.636474609375,False
Bareilly,0,1,2,1074.4312138368227,0.10194065796650909,25.83812858223086,22.344474511726748,45,743.3906172839506,False
Bargarh,0,1,0,861.3793284263977,0.2838106958586082,13.043516908155304,8.577777777777778,45,237.5535802469136,False
Barjala,1,1,2,243.64560058920705,0.3934446931607982,11.838410932084688,7.756669228154837,12,231.05555555555557,False
Barmer,1,1,1,965.765692843915,0.1434829977806652,14.799512390886886,10.39045315676091,45,255.71654320987653,False
Barnala,1,1,1,986.5482718409671,0.20967544244528102,18.065154104832136,11.910103902830853,45,412.93135802469124,False
Barpeta,0,1,1,803.5080510775085,0.09301077301901939,13.458820800850662,9.18596901567536,45,199.71555555555557,False
Barwani,0,1,1,925.4570582287158,0.05798487833023391,6.890261342035258,5.347835896899985,45,50.39802469135803,False
Bastar,1,1,2,962.5285023805333,0.5279308205233162,9.995654927209676,6.655319194487886,49,211.649312786339,False
Basti,1,1,1,955.6098409090479,-0.19142504388484727,26.81978112754141,21.420323354732716,45,603.7313580246914,False
Baudh,1,1,1,886.5952926653183,0.45954190007794715,12.541918891194982,9.99558017912828,45,291.0488888888889,False
Begusarai,2,1,1,925.477308128522,0.1950384512261395,13.887234126435512,10.030125912607126,45,239.5832098765432,False
Belgaum,0,1,2,1013.3755795026116,0.3194410761788501,12.062051213622581,9.682719458657186,45,213.7846913580247,False
Bellary,2,1,2,933.693063784234,0.3276725951355036,9.362702875462794,7.0652250400205325,45,130.38320987654322,False
Betul,2,1,2,898.7859199470159,-0.07797932324345958,10.44672648965692,7.496240106700264,45,101.2395061728395,False
Bhabua,2,1,1,957.8282082050216,0.3081221382730217,12.57767020027372,8.761658504577346,45,228.64987654320984,False
Bhadohi,1,1,1,998.8934473355663,0.4161174131776245,12.644184989444115,8.859309762785749,45,273.81432098765436,False
Bhadrak,1,1,1,925.0914269983446,0.22043750784549776,13.39004158654575,9.749718805266985,45,229.99209876543205,False
Bhagalpur,2,1,2,953.6160782161446,-0.057479704161631284,15.588891427107287,10.201095978460696,45,229.80444444444439,False
Bhandara,1,1,1,906.3512195429687,0.2685192451893511,11.830724531438085,8.825847237368697,45,191.34617283950624,False
Bharatpur,0,1,1,1041.879915752166,0.07809442631967356,20.573810449708443,16.50307624403479,45,459.1377777777777,False
Bharuch,1,1,1,923.5901372964801,0.30857989046154144,13.288809270903311,9.336288811994494,45,255.4054320987655,False
Bhavnagar,1,1,1,883.8674925682354,0.13099804682323213,10.46025819385987,7.980602175893172,45,125.91111111111107,False
Bhilwara,0,1,2,984.9132495855768,0.009266017176079777,12.818810992553153,8.36961535499054,45,165.85876543209875,False
Bhind,1,1,1,992.8110291852353,-0.04037240277001475,20.219669005092424,15.992162984359881,45,392.9698765432098,False
Bhiwani,1,1,1,979.055970199415,0.04498829709786156,17.693898911591184,12.201068552212645,45,327.8222222222222,False
Bhojpur,1,1,1,924.0154289443642,-0.035681838424500345,18.143349071349622,13.885821508309121,45,317.84,False
Bhopal,1,1,1,1082.3948522531805,-0.1274273247307618,19.695420908800006,16.162462887250282,45,344.06617283950624,False
Bid,0,1,1,879.7733358222534,0.21679954361126685,4.867334340584161,4.026356271129126,45,30.24888888888889,False
Bidar,1,1,1,926.5852633969039,0.19856175319527625,7.752288320941824,4.927278777741433,45,74.98765432098766,False
Bijapur,0,1,2,942.1738331407001,0.30320889660574146,6.776638908288698,5.300295176353356,45,65.90617283950618,False
Bijnor,1,1,1,962.6889232904044,0.33608041076828044,14.475889700013653,10.790084414935357,45,315.6276543209877,False
Bikaner,2,1,1,925.3883823310109,0.18602260484936317,8.269349459030533,6.034663090350809,45,84.00987654320987,False
Bilaspur,1,1,1,939.9934148946023,-0.23910882419749124,14.527767524226709,10.568490987290092,45,170.32888888888886,False
Bishnupur,0,1,1,982.6566062266834,0.11949393460766422,10.385945457732632,8.031785603419562,45,122.50666666666667,False
Biswanath,1,1,2,935.2467502880868,0.2292112856028442,15.568855478254326,11.72877709526538,45,314.4691358024691,False
Bokaro,1,1,1,952.5445822858026,0.005905301959014397,15.193034521587675,11.31696146043117,45,232.1995061728395,False
Bongaigaon,0,1,1,829.6354922224504,0.2259042625043456,12.001567336027051,8.763901695832415,45,186.07209876543214,False
Budaun,0,1,2,1082.4947239928167,0.10445967920288401,25.6976845321453,21.97868993634169,45,737.3995061728397,False
Buddha Gaya,0,1,1,1072.900792066539,-0.035993508282122555,11.526708824867754,8.066081519383259,45,128.2488888888889,False
Bulandshahr,0,1,2,969.9811632768696,0.323156975358296,15.58021124239016,11.659422362329794,45,358.64000000000004,False
Buldana,1,1,1,917.0949355852215,-0.03648449501901063,6.539306929745038,4.642087123010413,45,41.257283950617285,False
Bundi,1,1,1,993.2532855261649,0.3116564477796655,9.805534519832154,6.435450777414162,45,139.68098765432097,False
Burhanpur,1,1,1,940.7083692290978,0.03747205909626761,7.801117437705532,5.359938337177833,45,63.226666666666674,False
Buxar,2,1,1,955.4085822396348,0.43034954047684426,12.05703048771215,8.362098419433533,45,255.19506172839505,False
Chamba,1,1,1,977.4632828201838,0.4394467111135688,15.007389185496601,10.780286144552901,45,401.7846913580246,False
Chamoli,0,1,2,1024.6690798314537,0.19998534348214647,19.363270686148013,15.73557648397761,45,468.6617283950618,False
Champawat,1,1,1,917.3491479690883,0.22352247726063024,13.76521781940552,10.52858165662259,45,244.02666666666664,False
Chandauli,1,1,1,990.6261191751084,0.3878111124576171,12.624009499205597,9.16231862613557,45,260.3209876543209,False
Chandel,1,1,1,891.2734633143458,0.34466268051707283,5.571065916923926,4.375441944317452,45,47.36,False
Chandigarh,1,1,1,905.9830289214158,0.22043789408572412,13.762634509124927,9.431017010063005,45,242.96987654320986,False
Chandrapur,1,1,1,893.2859015232857,0.01000782479095641,10.131306258115153,6.063564696485831,45,103.680987654321,False
Chatra,1,1,2,988.8579447245577,0.0022524649955051324,12.851458383373407,8.595783651865345,45,165.53283950617282,False
Chennai,1,1,2,751.790611252206,-0.2622893846837382,4.173006510130622,3.3119007720999902,45,13.795555555555557,False
Chhatarpur,2,1,1,991.3180912361829,0.3402975967670495,12.517792179438308,7.70283290786951,45,237.52395061728396,False
Chhindwara,2,1,1,929.8041202267959,0.01559147493279689,11.63452830124944,8.722359343944712,45,137.50617283950618,False
Chikmagalur,1,1,1,946.1565506896702,0.5351286776742551,12.16468971455548,9.606756397153132,45,318.3239506172839,False
Chitradurga,0,1,2,952.4029542250466,0.03452935920551026,8.055854453991378,6.742390482981974,45,67.21777777777778,False
Chittaurgarh,0,1,2,983.0179164280759,0.24221886291102268,10.362378919470341,7.3495644410951275,45,141.70172839506174,False
Chittoor,1,1,1,843.1154510597923,0.14627477707272984,5.850925350543009,4.378939392488402,45,40.098765432098766,False
Churachandpur,2,1,1,747.9034719516138,0.07837039736327867,11.947734706486882,9.972744606247932,45,154.88691358024695,False
Churu,1,1,1,951.8106228323214,-0.11082874008169763,12.662241413172904,9.020973669243617,45,144.3358024691358,False
Coimbatore,1,1,1,891.1165426867422,0.2656026790826834,7.464333643864474,5.90233161569423,45,75.86666666666666,False
Cuddalore,1,1,1,820.9481397038288,-0.03361712290644414,4.003811724708527,2.803934538500783,45,15.509135802469133,False
Cuttack,1,1,1,909.6455304954459,0.12567914046801,7.648956110226336,5.645563512752008,45,66.91654320987654,False
Dadra,0,1,1,893.8054183001807,0.4087892060892888,11.018535704803407,8.11840750907834,45,205.35506172839501,False
Daman,0,1,1,912.9627677747122,0.3959581924726603,11.135130884713409,8.219359563603739,45,205.2691358024691,False
Damoh,1,1,1,975.0651160378245,-0.014967576688747375,13.100352612887642,8.69467996947261,45,169.0883950617284,False
Darbhanga,2,1,1,926.5877739515848,0.11275874859557433,14.206814673385777,10.115367743223512,45,227.48444444444442,False
Darjiling,2,1,2,953.9512832582166,0.12177996940018998,14.602994084439596,11.661656637966669,45,242.81777777777776,False
Darrang,1,1,1,800.2414388004966,0.19462189023637178,12.490567159466558,10.098383040545444,45,193.71555555555557,False
Datia,0,1,1,967.0257348286882,-0.1365930423536772,20.311303165060227,15.266728908476065,45,362.9698765432099,False
Dausa,0,1,1,1014.4724198932063,0.42287319411345314,11.534153904163956,9.069453989115814,45,230.51555555555558,False
Dehradun,1,1,1,892.2847947369598,0.3077500320836123,13.596944194617283,9.903674673785135,45,267.06666666666666,False
Deoghar,1,1,1,984.3716449732892,0.045155559546135704,15.01184691096333,10.29906176099897,45,236.01283950617287,False
Deoria,2,1,1,1037.9502758601716,0.02058171404232656,27.09930227480448,23.791141142574016,45,749.8044444444444,False
Dewas,0,1,2,988.7007148601534,0.09717726071554733,8.959183017477082,6.544455859521329,45,88.90666666666667,False
Dhalai,1,1,1,797.9117902893889,0.13332615652826674,10.64401375023964,7.742682386104568,45,130.72395061728395,False
Dhamtari,2,1,2,894.7148605258574,0.19438291342183156,12.706534062277605,9.818429579092077,45,200.41283950617282,False
Dhanbad,1,1,1,951.2968410039948,-0.10624767142575386,16.100218848164005,12.211930165514971,45,234.32098765432096,False
Dhar,0,1,2,994.5963192970021,0.006450209370268634,9.457640144428371,6.876221364935056,45,90.02765432098765,False
Dharmanagar,0,1,2,968.6738425039047,0.3603007444976465,9.537802420884397,6.640705736618115,55,142.20694214876033,False
Dharmapuri,2,1,1,875.8338970288203,0.34148206597000963,6.946714661895988,5.4159741090675695,45,73.28098765432098,False
Dharwad,1,1,1,967.6619557901478,0.45306125869588454,9.231516050906432,7.5807962336930155,45,155.81432098765436,False
Dhaulpur,1,1,2,1039.0492346260003,0.11216106253695524,21.939527488833892,17.60201893298583,45,542.1511111111112,False
Dhemaji,1,1,1,876.4512142155685,0.17858583198223033,13.372907011237055,10.038626301385603,45,217.71555555555562,False
Dhenkanal,1,1,1,906.4020056802042,0.11524808499333772,7.694448632005046,5.6572595336734635,45,66.91654320987654,False
Dhubri,1,1,1,870.8727785226596,0.28946723571273314,10.141674666189402,8.12943764529394,45,144.7555555555556,False
Dhule,0,1,2,881.2785852354904,0.2463904398338389,5.793163707860012,4.4328168065406555,45,44.53333333333333,False
Dibrugarh,1,1,1,880.7174393712621,0.17476197525288373,13.431059693306599,10.09807921698124,45,218.5955555555555,False
Dimapur,2,1,1,751.7693669786418,0.09583837276274243,11.444287595850847,9.545889935407876,45,144.85432098765432,False
Dindigul,2,1,2,826.4296816118961,-0.015102508927190117,7.266593199776582,5.6285627375178615,45,52.01777777777778,False
Dindori,1,1,1,979.8434493056161,-0.21814046099549378,15.567955103984065,11.42167661855454,45,198.96,False
Diu,1,1,1,923.3733352514818,0.40033222868705953,13.53266089305979,10.94794910435796,45,305.3906172839506,False
Doda,1,1,1,1000.0778265335898,0.5340559905440185,14.014660229804747,9.483245789864075,45,421.5328395061727,False
Dohad,0,1,2,915.4806692854306,0.49892959565856787,5.96827369157646,4.564923015603865,45,71.08839506172839,False
Dumka,2,1,2,973.9586637860297,0.034056746496922696,15.095334181791651,10.192678944753853,45,235.90320987654326,False
Dungarpur,2,1,2,949.2843750079096,0.21204483252946194,9.264359507876593,6.922305139312222,45,108.92543209876543,False
Durg,1,1,0,937.4452230501847,-0.14262897342563963,14.601965201551865,9.563160233807384,45,186.60246913580247,False
Dwarka,1,1,1,832.4609316607043,0.5355496015998132,9.354078539709418,7.462794233177871,45,188.39209876543208,False
East Godavari,1,1,1,1367.787047236346,0.5567216387171878,2.80556592890923,1.8863584168480447,77,17.756788665879572,False
Ernakulam,1,1,1,865.0383010016536,0.02879366754463708,5.601424786527606,4.731239068304906,45,32.30617283950617,False
Erode,1,1,2,840.1234599617005,0.30350096954422245,6.342749553577116,5.209471195769321,45,57.76098765432099,False
Etah,0,1,2,957.005966996499,0.25187198632049634,14.440877014398447,10.920284695556617,45,278.7476543209877,False
Etawah,0,1,2,987.8761227253834,0.3021963398897396,13.0883974012355,9.564908264539987,45,245.4933333333333,False
Faizabad,1,1,1,973.0656475051298,0.29084379887349576,14.152194954499278,10.019038177475487,45,282.4266666666666,False
Faridabad,2,1,1,1065.755253857436,0.42842187224477857,13.508094820475243,9.984677356547067,45,319.2365432098765,False
Faridkot,1,1,1,979.6606194338099,0.25817884771442445,16.994794161306633,10.458609388817381,45,389.34320987654326,False
Farrukhabad,2,1,0,970.974024712463,0.21672465349828096,14.323357608356089,10.736456406197135,45,261.92395061728394,False
Fatehabad,1,1,1,989.8296260513437,0.02895889461863621,18.624402018064625,11.89916960965043,45,357.2128395061728,False
Fatehgarh Sahib,1,1,1,974.2695343636566,0.10649648010265078,18.70687472036182,13.010431411175283,45,391.6572839506173,False
Fatehpur,1,1,1,963.6801639045761,0.14772973152463809,17.192610260584292,12.233378220655409,45,346.8217283950617,False
Fazilka,1,1,1,989.6196348762141,0.4204841144593773,11.719940199556502,7.924321850406886,45,237.02024691358022,False
Firozabad,0,1,1,1039.8169047364165,0.053309948934610385,20.685454020608862,16.830641290446362,45,451.9832098765432,False
Firozpur,1,1,1,985.8084765436356,0.47576713683365446,13.359870710572192,8.389060224783409,45,340.47111111111104,False
Gadag,1,1,1,966.2373907506161,0.40827748346848636,7.659115833437215,5.655894446560798,45,99.1377777777778,False
Ganderbal,2,1,1,1039.7249218230415,0.4441333588490929,17.63788010576297,10.691353429364424,45,559.6572839506174,False
Gandhinagar,2,1,1,988.2515278915134,0.2828881570197769,12.692481514391929,10.246371309084498,45,224.64987654320987,False
Ganganagar,1,1,1,973.016792507639,0.21504552357694895,10.898432120528815,6.939742998240265,45,151.31555555555556,False
Ganjam,2,1,1,895.6357196391452,-615.7777510072588,192.20167688361175,32.83898074532161,45,59.894320987654325,False
Garhwa,1,1,1,950.7057860348807,0.20211881006766697,14.005930326767205,9.523873053945689,45,245.85876543209875,False
Garhwal,1,1,1,944.0988251668807,0.3310555904479754,13.619817949186782,10.507445111575581,45,277.30172839506173,False
Gariaband,2,1,1,905.4420683686753,0.1704465849034652,12.851976587509323,8.873847494506144,45,199.11111111111111,False
Gaya,2,1,1,1036.0422207441934,0.017766159831751116,10.379794726155316,7.756354589323019,45,109.68888888888888,False
Ghaziabad,1,1,1,1005.6644504984001,0.42555849051135697,13.533526859597849,9.664085224350716,45,318.8424691358024,False
Ghazipur,1,1,2,965.5878353200505,0.4153716610005497,12.285684571434814,8.734629144634285,45,258.1777777777778,False
Giridih,1,1,1,978.973758710019,0.08805684060748065,14.393685218725212,10.718785211067335,45,227.1832098765432,False
Goa,1,1,1,895.2236445525148,0.31563591947405534,4.684242339892551,3.73356069436249,48,32.06206597222222,False
Goalpara,1,1,1,834.8274032920513,0.3424482366402598,10.582302408345075,8.277577273508815,45,170.30617283950616,False
Godda,1,1,1,975.0352508032713,0.048295662841353115,14.5356438637415,9.858408133934855,45,222.00691358024693,False
Golaghat,1,1,1,733.5546114796858,0.17872562350744292,11.450658038642075,8.592350372212222,45,159.65135802469135,False
Gonda,1,1,1,956.6650426318711,0.22253150361350793,14.90838710932711,11.230493637801553,45,285.87654320987656,False
Gopalganj,2,1,1,923.1620776946756,0.3635992099973655,11.85227569174897,8.706473275370291,45,220.73580246913582,False
Gorakhpur,1,1,1,988.9243062822609,0.006658088954514585,19.039526641635092,11.721724927604566,45,364.93333333333334,False
Gulbarga,1,1,1,933.1020716473181,0.28775167864869267,7.08246250337419,4.542274492555379,45,70.42666666666665,False
Gumla,1,1,1,973.332293348082,0.0259728025294107,15.745551413955436,12.488459188148111,45,254.53333333333333,False
Guna,0,1,1,979.3812880236324,0.37087266699065435,9.447568320220189,6.901697050884635,45,141.87358024691355,False
Guntur,1,1,1,824.52457882255,-0.009292974295615153,6.006028647073462,4.6554862043599945,45,35.74024691358025,False
Gurdaspur,1,1,1,946.6784793249775,-0.08057104600782039,18.84969416407864,12.629146378377998,45,328.81777777777774,False
Gurgaon,2,1,1,1049.5951620940516,0.4174393496058745,13.751762875103573,10.056660296794087,45,324.6202469135802,False
Gwalior,2,1,2,1066.649938838025,-0.03530843570110975,25.221157700308144,20.81336046654139,45,614.4128395061728,False
Hailakandi,1,1,1,807.3922440990984,0.11503463704143246,10.797114849224583,7.824036927050259,45,131.73135802469136,False
Hamirpur,0,1,1,1009.7370087098669,0.13728291910451684,13.85048375593977,9.47735526134799,45,222.36246913580246,False
Hanumangarh,1,1,1,967.0674505411531,0.21919737547565776,11.664813359005882,7.275609479814675,45,174.26666666666668,False
Haora,0,1,1,995.9945253372869,0.0905322557417022,10.953400605408104,9.173846870568417,50,131.92,False
Hapur,0,1,2,974.1587931480956,0.3880958201396467,16.318407554920977,12.310410227255657,45,435.1832098765431,False
Harda,0,1,0,909.1738383828072,-0.4460524520658644,11.665714246838421,7.911111111111111,45,94.1106172839506,False
Hardoi,0,1,1,966.3551222522447,0.13444729927206434,14.241629212851812,10.586208269463027,45,234.32888888888888,False
Hardwar,1,1,1,886.9294267357757,0.3062403784574761,13.453203903260427,9.871807781339223,45,260.88098765432096,False
Hassan,2,1,2,924.9750414266884,0.330037979180854,12.561901352074493,9.675160233891145,45,235.5377777777778,False
Haveri,0,1,2,963.1664026124668,0.43068849824742894,10.660426672660792,8.95878659971963,45,199.61777777777777,False
Hazaribagh,1,1,1,997.3417273477558,-0.10629260101650062,16.213245395422852,12.679909445531413,45,237.61283950617286,False
Hingoli,1,1,0,892.841225935753,0.02708524441647764,6.076643666486092,4.55893257944998,45,37.95358024691359,False
Hisar,1,1,1,976.2917609164406,-0.08642654138100325,18.9453518810775,11.892090690493655,45,330.37333333333333,False
Hojai,0,1,2,735.3440889009476,0.1680748979169605,13.081135523240794,10.681861832032467,45,205.6869135802469,False
Hoshangabad,1,1,2,937.4504890454767,-0.2734121027135694,18.63527916166951,14.070345052281322,45,272.7111111111111,False
Hoshiarpur,1,1,1,915.066994911566,0.16289763161421655,14.210111897716299,9.408472335748437,45,241.22172839506166,False
Hugli,0,1,1,918.4730161892854,0.11260040415871297,10.33572132685842,7.877679554531048,45,120.38222222222223,False
Idukki,0,1,0,715.4795054240008,-0.3068981698732989,7.03641322771134,5.733333333333333,45,37.88444444444445,False
Imphal,1,1,1,816.6954421197498,0.0658100076075997,11.613712403125989,9.274602604527788,46,144.37996219281666,False
Indore,0,1,2,968.8441202139754,0.08185129655525558,9.150295473146567,6.576798335015436,45,91.1920987654321,False
Jabalpur,1,1,1,947.1062714763724,0.017803854441004185,12.737437420918049,8.93966634021571,45,165.18320987654323,False
Jagatsinghapur,1,1,1,906.3063220811837,0.13396926647409502,7.574534562580108,5.587775480157694,45,66.2488888888889,False
Jagtial,1,1,2,876.6650411986466,0.10841249550374887,9.892453916673484,7.383097970908352,45,109.76000000000002,False
Jaipur,0,1,1,1008.4680325488276,0.400167424211217,11.995683743544,9.364092524784382,45,239.89432098765428,False
Jaisalmer,1,1,1,966.2041792077962,0.2517311553601258,10.37521239306431,6.6372610300562025,45,143.85876543209875,False
Jalandhar,2,1,2,923.280182106404,0.1379487200707139,16.5483771992873,10.740596258604198,45,317.6711111111111,False
Jalaun,0,1,1,1003.937363559636,0.17803685839827765,14.006632597800758,9.499809755336868,45,238.67950617283947,False
Jalgaon,0,1,1,911.2707623852698,-0.09572003958101649,6.805880473633034,5.055406920016761,45,42.273580246913575,False
Jalna,2,1,1,1062.9733741567914,0.14951294273207993,16.820808964442914,11.251839535955432,45,332.67950617283947,False
Jalor,2,1,2,938.4895366758755,0.1416075509529331,14.256501416865326,9.71637008196073,45,236.7772839506172,False
Jalpaiguri,0,1,2,937.3870959598323,-0.0959199517087932,20.45908877169415,15.948397787653992,45,381.93876543209876,False
Jammu,1,1,1,950.5172961829562,0.38897101135247414,12.234528839040218,8.204285045426847,45,244.96987654320986,False
Jamnagar,0,1,2,890.6359476630992,0.36309779542498644,13.64795548396055,10.937073443385886,45,292.45728395061724,False
Jamtara,1,1,1,959.7090708113535,-0.07605088332179344,15.500069002996533,11.896791764347965,45,223.27209876543213,False
Jamui,1,1,1,974.1723663379893,0.13628348550549496,14.464965226526656,10.16638681222897,45,242.24987654320984,False
Jangaon,1,1,1,982.373481039001,0.22513492850831585,11.970666228613037,9.143112322349825,45,184.93135802469135,False
Janjgir,1,1,1,931.4992508808189,-0.06156219878497904,14.428424178095804,10.691256514448668,45,196.10666666666665,False
Jashpur,1,1,1,955.8119839053905,-0.04327986991944832,17.692430182738633,13.96654766206912,45,300.0365432098765,False
Jaunpur,1,1,1,1003.7989414657483,0.39470213771296647,12.088966699870646,8.917810909099412,45,241.44,False
Jhabua,0,1,2,917.927685235542,0.4929520032535454,6.033929044416055,4.678278271391765,45,71.80444444444444,False
Jhajjar,2,1,1,1052.2616250863327,0.4079708821406166,13.944108065708772,10.129426449208527,45,328.4266666666666,False
Jhalawar,1,1,2,960.6706810572553,0.19603508978910855,9.352274050497293,6.871189618227145,45,108.79209876543209,False
Jhansi,1,1,0,957.3820807933715,0.23994502664736406,12.477160200752516,8.348829821521488,45,204.82666666666665,False
Jhargram,1,1,2,964.0228906285327,0.135369273958597,17.697565770501825,13.772308877262104,45,362.24000000000007,False
Jharsuguda,1,1,1,942.3019288120919,0.011278460943318969,17.35703392358979,13.018290553006153,45,304.70320987654327,False
Jhunjhunun,1,1,1,969.3602844286374,0.012383173441131157,12.369125212169592,9.347625323165394,45,154.9135802469136,False
Jind,1,1,1,982.735920609413,0.07414647861503454,18.298154742824494,11.613403541066537,45,361.63654320987655,False
Jodhpur,0,1,1,1010.7313000409845,-0.12041035946128642,16.527282475805393,14.241023970187998,45,243.79555555555558,False
Jorhat,0,1,2,748.4090446692571,0.06695626304230029,11.382641466042616,8.707486073085493,45,138.86222222222221,False
Junagadh,0,1,2,984.8991398936266,0.3735683830661457,16.86577598281732,13.836035475902625,45,454.0869135802469,False
Kadapa,1,1,1,908.7026964801018,0.37333729090040213,7.634697530038963,5.153282621381182,45,93.01432098765432,False
Kaithal,1,1,1,981.7800681681185,0.11534211737306299,18.72703862200823,12.492570412949721,45,396.4266666666668,False
Kakching,1,1,1,783.6938408212538,0.01605404600614957,11.771027257416812,9.672896825047918,45,140.81777777777774,False
Kancheepuram,0,1,1,742.5337075227274,-0.25256240192680934,4.262687561146322,3.520691451583701,45,14.506666666666668,False
Kangpokpi,1,1,1,796.2128290994206,0.0019097262377771873,11.70424049244978,9.557754068730917,45,137.25135802469137,False
Kangra,1,1,2,956.1962060639465,0.31158289671054795,11.150115211176288,7.542092249290635,45,180.59555555555553,False
Kanker,2,1,2,830.072801729985,0.04334422211497113,13.493690629489162,8.566806126641538,42,190.32936507936506,False
Kannauj,0,1,1,976.6435582668023,0.15662738868442505,14.290449650935255,10.564468481876776,45,242.14320987654318,False
Kanniyakumari,1,1,1,770.5901677041745,-0.15148977640355077,5.957042558399902,4.578623451212203,45,30.81777777777778,False
Kannur,1,1,1,784.4424378327242,0.17133135245929387,3.694467941116439,2.8520780553723952,45,16.47111111111111,False
Kanpur,2,1,1,903.567578233283,0.26479302700070706,7.372791538749135,5.8396312868932005,47,73.93571751923947,False
Kantha,2,1,1,1070.875171555695,0.4055320609596448,12.693683722277811,9.23781968405183,47,271.0484382073336,False
Kapurthala,0,1,1,1093.4147038292754,-0.05323856411028571,11.76834098716022,5.738006085383527,45,131.49333333333334,False
Karaikal,1,1,1,787.5425356316448,-0.052936843071177186,4.520138767215379,3.1750261539409736,45,19.404444444444444,False
Karauli,0,1,2,984.6296681372477,0.36951995312613495,10.76137527020288,7.7439862755224205,45,183.68098765432097,False
Kargil,1,1,1,1007.0492754484862,0.5906366390739544,13.91557482481393,10.09344198798156,45,473.035061728395,False
Karimganj,1,1,1,803.8577762323024,-0.048916265830578176,11.686469084424587,8.323615335430013,45,130.20444444444445,False
Karimnagar,1,1,1,921.6086208624429,0.18752134335645476,11.404137903541645,8.35221696281094,45,160.0711111111111,False
Karnal,1,1,1,968.602383584315,0.1367604021674489,17.654250202845002,12.337952066450999,45,361.0498765432099,False
Karur,0,1,2,826.4521088703898,-0.1718871022867523,5.166469325066339,3.8915309772569344,45,22.77728395061728,False
Kasaragod,1,1,1,855.9703670464432,-0.10318478920019625,5.9901220316051855,4.86716407289893,45,32.52543209876543,False
Kathua,1,1,1,937.0238183765325,0.3166768674156336,12.145177524973557,7.6342976602341235,45,215.86469135802463,False
Katihar,2,1,1,942.1708043656785,-0.03364383426293549,15.622400205268319,10.375513956651343,45,236.11555555555555,False
Katni,1,1,1,874.1286538420945,0.17276356615030486,7.649151182621231,5.407560125134367,45,70.72888888888889,False
Kavaratti,1,1,1,719.3165947842505,0.21287715456385758,2.8879064801107424,2.387043557063662,45,10.595555555555558,False
Kendrapara,1,1,1,921.8989732355818,-0.07528109528761573,9.509905817321417,7.245830458340729,45,84.10666666666667,False
Khagaria,2,1,2,947.43266695286,0.11442498334054674,14.477390431151196,10.042667318576543,45,236.67654320987657,False
Khammam,2,0,2,918.0860879876593,0.3203553878444134,7.433863258634904,6.162717547374678,45,81.31061728395062,False
Khandwa,1,1,1,914.1858997501031,-0.2341589825196444,8.679111111210625,6.0904282167314046,45,61.03506172839506,False
Khargone,0,1,1,930.2427284386258,-0.04646645799512883,7.343245456879411,5.260438627551037,45,51.52888888888889,False
Kheda,1,1,1,992.4902168205244,0.29970426494242175,12.498007265089125,10.141434912046522,45,223.0488888888889,False
Kheri,0,1,1,941.1524607597585,0.15767292862674087,14.479094758277494,11.035575938604767,45,248.88691358024687,False
Khordha,1,1,1,882.5769982826953,0.11966576629743864,7.621329943400459,5.582907003755752,45,65.98024691358025,False
Khowai,2,1,1,808.4723687927833,0.03470055238308323,13.359633826948377,8.956829771981472,45,184.8958024691358,False
Khunti,0,1,1,1047.1793703760566,-0.08643094702553622,15.679191885547821,12.939280663002599,45,226.2795061728395,False
Kishanganj,2,1,1,915.1956136456552,-0.2236664136478692,21.67349668584729,16.269169054298604,45,383.8795061728394,False
Kishtwar,2,1,2,979.0261456557155,0.4836524716086953,16.413154400147555,11.065439430369537,45,521.7254320987655,False
Koch Bihar,1,1,1,874.4483715099175,0.3040505228599747,9.991345905380577,7.5625613112362595,45,143.44,False
Kodarma,1,1,1,978.521634252852,-0.1187291253387206,16.52805270393546,11.70918621053539,45,244.18469135802468,False
Kohima,1,1,1,803.3614227983801,0.03709933361358053,8.393342021229687,6.90451672411299,45,73.16246913580247,False
Kokrajhar,1,1,1,812.8798539619836,0.4179598956148236,9.423195486639688,7.342399455324967,45,152.560987654321,False
Kolar,2,1,1,876.0126291090521,0.21047376875752766,9.442660062096726,7.814429344257744,45,112.93333333333334,False
Kolhapur,1,1,1,980.122671290641,0.4300742897748697,11.890089307152927,9.374076626604197,45,248.0572839506173,False
Kolkata,2,1,2,1207.1007266587162,0.12800006298481936,9.7387798735357,7.494503060764134,59,108.76587187589774,False
Kollam,1,1,1,738.7807789402773,-0.07165259731714735,4.481114618430004,3.398665860145135,45,18.73777777777778,False
Kondagaon,1,1,1,923.6875027281175,0.3963083594699919,10.107930739767752,7.5991243181066555,45,169.24246913580248,False
Koppal,0,1,2,956.0923903792258,0.2325287785765805,5.396008769958538,4.04444525394292,45,37.93876543209877,False
Koraput,1,1,1,947.2962959120038,0.28113917481936934,13.934253528581577,10.89453544014515,45,270.0987654320988,False
Korba,1,1,1,937.3377008597871,-0.2264598339512205,15.181806014480097,11.733002513160836,45,187.9288888888889,False
Kota,1,1,1,975.4524241390177,0.39360327560725417,8.805562323082256,5.848978331244064,45,127.86666666666666,False
Kottayam,0,1,1,753.941247223904,-0.1494214817360182,6.6972367799935855,5.481604599849083,45,39.02222222222223,False
Kozhikode,1,1,1,878.433525247713,-0.09750487207126257,4.259488933434752,3.299596376803377,45,16.53135802469135,False
Krishna,1,1,1,797.3173427063131,-0.031162822474641638,6.679787501481402,5.145280495763619,45,43.27111111111111,False
Krishnagiri,2,1,1,834.1232571357784,0.37416158619658146,7.479040491514861,5.970606992818763,45,89.37777777777775,False
Kulgam,2,1,1,1025.9064990954012,0.6083039148649689,14.08794455877141,9.321908458486961,45,506.69432098765435,False
Kupwara,2,1,1,1017.6868190574909,0.4574040497939177,15.145157847356394,9.771448932689607,45,422.7377777777777,False
Kurnool,1,1,1,901.3300089873792,0.29952820326155594,10.117424502479766,6.9257569575094475,45,146.13333333333333,False
Lakhimpur,0,1,1,941.4405446729913,0.1459841699655422,14.656587499450968,11.012800024652316,45,251.53580246913572,False
Lakhisarai,2,1,1,936.5699620617734,0.15235225545943742,14.05233142820683,10.418166198250631,45,232.95999999999992,False
Lalitpur,1,1,2,979.5096785039249,0.2871731172258848,11.551126351027348,8.586207844674014,45,187.1822222222222,False
Latehar,1,1,1,964.9370464152162,0.12797188817696248,15.38292591435817,11.591350103031548,45,271.36098765432104,False
Latur,1,1,1,903.7468459304224,0.26742373370796835,5.607106293521819,4.302467337185966,45,42.91654320987654,False
Lawngtlai,2,1,1,859.6806121811918,-0.2559318168888869,14.344750568729845,11.032767776500505,45,163.83999999999997,False
Leh,2,1,1,1013.5374873464948,0.3962691408931097,16.63613413048985,12.490070590960743,45,458.41777777777776,False
Lohardaga,2,1,1,980.8960361351599,-0.06935816920883853,19.463027458762394,15.821414545403861,45,354.24,False
Lucknow,2,1,1,1011.6438497918404,0.3247590056417923,13.203821005632205,9.389800931704405,45,258.1906172839506,False
Ludhiana,1,1,1,944.9715232504901,0.177235048485068,16.641216520009994,11.302287843327946,45,336.58469135802466,False
Lunglei,2,1,2,867.6746484768371,-0.28065975041365787,14.709912857628622,11.176130080239059,45,168.960987654321,False
Madhubani,2,1,1,904.6875794734467,0.16572430651349335,13.671981349483463,9.67137172985294,45,224.0543209876543,False
Madurai,1,1,1,844.8720897156122,0.023793819871136268,6.847184005924545,5.294514578421893,45,48.026666666666664,False
Mahamaya,2,1,1,1011.2315323608066,-0.32140616189106264,16.4033814158441,12.798734208575969,45,203.62469135802465,False
Mahasamund,0,1,1,925.1590133490331,0.27305472261294594,11.708667929450566,8.590465842709257,45,188.58765432098764,False
Mahe,1,1,1,827.6134923772152,0.20542457545532644,3.6507093083896254,2.856727812017056,45,16.773333333333333,False
Mahendragarh,1,1,2,1078.9292745912649,0.1143783114949889,15.71043395740054,11.995209433200724,45,278.69432098765435,False
Mahesana,1,1,1,961.7331150421232,0.11421581435601891,14.412786708387339,11.163638883365483,45,234.51358024691353,False
Mahoba,1,1,1,989.016527592622,0.35939368592011145,11.545475067373248,7.345607450027847,45,208.08098765432095,False
Mainpuri,0,1,2,973.074341458846,0.2872803557946765,13.553287779472013,10.063289319864415,45,257.73333333333335,False
Majuli,0,1,2,750.8186906698418,0.07198246031359312,11.28968147124902,8.702992752403542,45,137.3432098765432,False
Malappuram,1,1,1,881.3185898792517,-0.12080123567158352,4.373342790181015,3.453948580761148,45,17.06469135802469,False
Maldah,1,1,1,947.9977358478895,-0.05916255348200283,14.656636565141966,10.30944583095056,45,202.81777777777774,False
Malkangiri,1,1,2,910.5620724505659,0.39628316353835813,10.372061370408717,8.536173685877571,45,178.19555555555556,False
Mamit,1,1,1,877.556767668942,-0.20485071544156552,13.157556027878083,9.87560618543485,45,143.6869135802469,False
Mancherial,1,1,1,878.963704696464,0.17413531261403092,11.111973138849223,8.081771531090217,45,149.51111111111112,False
Mandi,1,1,2,948.0430764164477,0.42724350539645917,13.262149522127842,10.066376817643727,45,307.0844444444444,False
Mandla,1,1,1,940.1087292621698,-0.08560258124033404,12.41196697259325,8.970337426679935,45,141.90913580246917,False
Mandsaur,1,1,1,944.7197360107264,0.05682715330258592,9.331529527470572,6.856492948106662,45,92.32395061728393,False
Mandya,0,1,2,916.6161136746408,0.1484925990878292,8.376006320165475,6.8230100104066755,45,82.39209876543211,False
Mansa,1,1,1,998.3019419816385,0.1763976851624799,18.601294149999518,11.773334481837214,45,420.1155555555555,False
Mathura,1,1,1,1046.8586929365492,0.095528074850319,20.77076363288431,16.634863664832704,45,476.9906172839506,False
Mau,1,1,2,959.0931920687417,0.2999521118758347,13.22379866488708,8.947987561482634,45,249.79555555555558,False
Mayurbhanj,1,1,1,966.1428171714698,0.16031353922968894,16.381382555292763,11.764282523705154,45,319.5832098765432,False
Medak,1,1,1,942.4556245078429,-0.06643143779680472,12.977969984044215,10.320817795420695,45,157.93580246913578,False
Medchal,2,1,0,923.259332400331,0.2617916416841293,8.84211565584806,6.7599987674467865,45,105.90913580246917,False
Medinipur,2,1,2,980.0751620931619,0.18595512704221873,16.68723412246676,12.60087973993877,47,342.0742417383432,False
Meerut,0,1,2,972.1423900711295,0.19318405655947735,19.27082842784506,13.959680958826112,45,460.28444444444443,False
Mirzapur,1,1,1,999.0737146141374,0.3722608703577239,13.211147476404728,8.94757490169374,45,278.0365432098766,False
Moga,1,1,1,981.1471241132001,0.22471805804005318,17.428241344043517,11.097613696213996,45,391.78469135802465,False
Mokokchung,1,1,1,868.8560420218523,0.1729136000458168,9.425113012300416,7.573281292509417,45,107.40444444444444,False
Mon,1,1,1,906.5245859136,0.25522154341938763,8.778661252899923,7.191380905933117,45,103.4735802469136,False
Moradabad,0,1,2,991.7123241941135,0.3390057192310083,14.86059800824308,11.216803093112205,45,334.0987654320988,False
Morbi,0,1,2,935.4566123199397,0.4111101413221936,15.730693485167416,12.58962162358416,45,420.2054320987654,False
Morena,1,1,1,1082.9869716518301,0.06424108794565209,23.185439688030932,19.8770364532331,45,574.469135802469,False
Muktsar,1,1,1,995.3496897124085,0.253038962690077,15.797358867014346,9.984645063951618,45,334.0958024691358,False
Mumbai,2,1,2,1109.2246232952537,-0.025854012979553476,12.27902123217633,9.59701816254947,52,146.9744822485207,False
Mungeli,0,1,1,943.9631356129221,-0.2887944162079561,14.323746250315818,10.97439775730552,45,159.19506172839505,False
Munger,2,1,1,944.8221622545656,0.0988566207780236,14.226482273969571,9.696460384451136,45,224.59555555555553,False
Murshidabad,2,1,1,941.566859262713,-0.05415857797160761,14.79750572938904,11.078965888519342,45,207.71654320987653,False
Muzaffarnagar,1,1,1,972.3662698970302,0.24162144991795587,15.63071443326988,11.8478800053109,45,322.16,False
Muzaffarpur,2,1,1,916.0477070617046,0.10683951002446479,16.429502043957655,10.566965693790596,45,302.2172839506173,False
Mysore,1,1,1,903.4130353623336,0.4588232677384967,7.926804303150311,6.455675994671272,45,116.10666666666667,False
Nadia,1,1,2,947.5330148166854,-0.1800466164429877,15.575513016724802,12.26795685410663,45,205.58222222222224,False
Nagaon,2,1,1,943.9189844839397,0.465642825767174,11.367055012195186,8.503637521369601,45,241.8044444444444,False
Nagapattinam,1,1,1,788.2049673203364,-0.05257132245740137,4.7711224186430945,3.4056746577197,45,21.626666666666665,False
Nagar,2,1,2,1909.1604531051953,0.15205993628119963,18.469906103310038,13.98330362675925,86,402.3131422390482,False
Nagaur,1,1,2,942.7795698884042,-0.03882709349079261,10.79848077240569,8.141921735085198,45,112.2488888888889,False
Nagpur,0,1,1,906.6108648234813,0.04545494660547389,11.938566400994622,8.981776347819608,45,149.31654320987656,False
Nalbari,2,0,2,775.5308631346647,-0.10203675273590207,11.65534719055224,7.0539687754759015,45,123.26913580246912,False
Nalgonda,2,0,2,960.592138523004,0.15262216947666785,10.303413586008226,8.643759599682204,45,125.280987654321,False
Namakkal,0,1,2,790.0599380774637,0.034782249408418786,7.044776444738571,5.759631788016023,45,51.41728395061728,False
Nanded,1,1,1,891.1725390607646,0.062417033905751484,6.356380675003253,4.3961002735759305,45,43.09333333333333,False
Nandi Hills,2,1,1,891.2487223354356,0.15944413263511292,9.22046110523307,7.457999657505619,46,101.14366729678639,False
Nandurbar,0,1,0,896.525368593728,0.024594195769798377,9.38793552030122,6.311111111111111,45,90.35555555555555,False
Narayanpet,1,1,2,961.5736018064756,0.14426959428248098,9.78716302065595,7.506767843979638,45,111.9377777777778,False
Narayanpur,0,1,2,977.3855148728087,0.10164684811613078,11.034527170024193,8.533727614667276,45,135.5377777777778,False
Narsimhapur,0,1,2,949.5448838244041,-0.16676918700698806,12.729166735277584,8.684886854511548,45,138.8720987654321,False
Navsari,0,1,1,892.8225913844251,0.38349651123043826,12.070071434544683,8.460563075782114,45,236.31111111111116,False
Nawada,1,1,1,998.3347419432778,0.07844044252620164,13.517800297243637,9.480176726976083,45,198.28444444444438,False
Nayagarh,0,1,1,925.5387870021467,0.4136507878137681,9.14468531003575,6.889384322649125,45,142.62024691358025,False
Neemuch,0,1,0,965.0707596635572,0.1734344629426181,9.828529900244492,7.0,45,116.86913580246915,False
Nellore,1,1,1,849.86818129202,0.14443763786922226,3.3355828886548986,2.7771382890179632,45,13.004444444444445,False
New Delhi,0,1,1,1042.1899249613573,0.4658136132325229,13.47624304213264,9.979988782458646,45,339.97333333333336,False
Nirmal,0,1,0,868.3366160882836,-0.007040408671163512,8.71397345264107,5.888888888888889,45,75.40246913580248,False
Niwari,0,1,1,1036.7796439582726,0.4458923909160406,13.712140747586728,10.139959868105171,45,339.3254320987654,False
Nizamabad,0,1,2,881.4183395199414,0.10356622329382592,7.7045058203026215,4.642763615699304,45,66.21728395061727,False
North Gauhati,0,1,2,787.2158198553775,0.07201831192436448,10.99197737584945,6.672265244792195,46,130.20037807183365,False
North Guwahati,0,1,1,139.31913351337565,-0.4476881152059926,13.280873194629644,11.590417306666534,7,121.83673469387756,False
Osmanabad,0,1,1,898.8144409743998,0.3633460384454519,5.199942417038123,3.9494419087177524,45,42.471111111111114,False
Palakkad,1,1,1,906.0488926272849,0.3044938568959802,7.116979278349447,5.685917188931941,45,72.82666666666668,False
Palghar,0,1,1,857.3669449682616,-0.13741030799182097,12.671213339559833,9.702452493359687,45,141.1624691358025,False
Pali,2,1,2,962.9352637301574,-0.07782839506055206,15.065131664962854,11.199881547936931,45,210.56987654320983,False
Palwal,1,1,1,1072.5440876185396,0.48140752629173167,12.642305784209206,9.566583288145106,45,308.19555555555553,False
Panipat,1,1,1,970.5203822164676,0.20225245141847636,17.037722383829305,12.295682364910979,45,363.87950617283946,False
Panna,1,1,0,983.5978837396303,0.1041191429315872,13.461045877824937,8.764967435060733,45,202.25876543209876,False
Parbhani,0,1,1,876.3387271046828,0.1047696246872657,5.391169084352597,4.304056348456007,45,32.46617283950617,False
Patan,1,1,1,924.9357129203697,0.25706243006397334,14.72419857933202,10.268381499929326,45,291.81728395061725,False
Pathanamthitta,0,1,1,741.2360988167052,-0.13396781216911657,5.984508618506763,4.681231346743237,45,31.583209876543197,False
Pathankot,1,1,1,939.0316967486809,0.32707782795332696,11.839419260859778,7.398495339196858,45,208.30320987654324,False
Patiala,1,1,1,964.5763511141743,0.1381866822051402,18.04878457784012,12.693348756615455,45,377.99209876543216,False
Patna,2,1,1,1059.8339177187397,-0.09169536537472234,9.842490575746162,6.294025974060575,45,88.73777777777778,False
Peddapalli,0,1,0,873.3977588395811,0.12722948870392392,11.423173328322077,8.222222222222221,45,149.51111111111112,False
Pendra,2,1,1,927.0311494982211,0.1622202604267038,8.734537962036029,6.308290305100469,45,91.06469135802467,False
Perambalur,2,1,2,847.7625940061332,0.33418130253023726,3.6475385087139727,2.981572325655634,45,19.982222222222227,False
Phek,2,1,2,807.8510760509159,-0.06536101117084847,7.579477195424268,5.81491872662328,45,53.92395061728394,False
Pilibhit,0,1,2,1044.2464991845327,0.0862831418743315,26.17501713650857,22.944619124216665,45,749.8291358024691,False
Pithoragarh,1,1,1,941.1572750892308,-0.0026379402228260407,16.26340567900883,12.064534442105572,45,263.8024691358025,False
Porbandar,0,1,2,849.0731170006278,0.41615952358334274,12.929996547368972,10.483364292451878,45,286.3535802469136,False
Pratapgarh,1,1,1,960.8012474122241,0.1068585456573059,9.123542037756271,6.928687481672316,45,93.19802469135806,False
Puducherry,1,1,1,810.3396675305413,0.007788524925466778,3.7808338993835893,2.8090212356582906,45,14.406913580246917,False
Pudukkottai,2,1,2,846.4544119662014,0.3595351767273397,3.540625859108839,2.8259354746912697,45,19.573333333333334,False
Pulwama,2,1,1,1036.2409641133158,0.4511548790112384,17.293308648409173,10.632161126219064,45,544.886913580247,False
Punch,1,1,2,993.9480559447754,0.26575452668060773,13.055876165903253,8.715041414354305,45,232.15111111111113,False
Pune,0,1,0,894.2220850338546,0.2080452545568825,12.066482503198685,8.488888888888889,45,183.8488888888889,False
Puri,1,1,1,915.8780199272398,0.11970150196029294,7.723165631134674,5.688530559246147,45,67.75802469135802,False
Puri District,2,1,2,1016.698621616571,0.12653706813478371,7.457787741771018,5.638130010676972,49,63.675968346522275,False
Purnia,2,1,1,940.258390849516,0.02897521263099767,15.654998691706108,10.791679562515796,45,252.39209876543208,False
Puruliya,1,1,1,946.9944864219244,-0.03010835181994298,18.313879774579434,14.002137294941313,45,325.5950617283951,False
Rae Bareli,1,1,1,1009.4414579457705,0.42456659218507087,14.262253448871911,9.940424449957721,45,353.4933333333334,False
Raichur,1,1,2,928.2395813690273,0.2397793867029152,10.150053982303428,7.610285287274346,45,135.51802469135802,False
Raigarh,1,1,1,905.8682431923716,-0.02336515644242798,16.64607787975758,12.123253417079386,45,270.7654320987654,False
Raipur,2,1,2,917.0939825044761,-0.06075560004142999,14.068096079475694,10.02964100156672,45,186.57580246913574,False
Raisen,1,1,1,1077.5506349783477,-0.19164283323176035,20.108661071472266,16.37772388102596,45,339.32839506172843,False
Rajgarh,0,1,2,993.9601616873186,0.409648647654417,11.646821700530403,8.69553517096518,45,229.77580246913584,False
Rajkot,1,1,1,955.8988878189641,0.5233501119760083,13.335792789767627,10.445165170342936,45,373.1111111111111,False
Rajsamand,0,1,0,954.5827123110427,0.19752974274858282,12.356734556058445,8.688888888888888,45,190.27358024691355,False
Ramanathapuram,1,1,1,745.3157423312803,0.08637181693922424,4.319057445004615,3.2477497058168248,45,20.417777777777776,False
Ramban,1,1,1,1020.4605847357801,0.5464312257221667,14.062860627554102,9.62492421499537,45,436.0177777777778,False
Ramgarh,0,1,1,1039.1997995659995,-0.10401393440011675,15.527334180171719,12.750514840542266,45,218.38320987654325,False
Rampur,1,1,1,976.8469235556859,0.27436750941042953,22.776355541848222,17.972554055150496,45,714.9106172839506,False
Ranchi,1,1,1,1032.3483216011623,-0.004883106348346322,15.079272298951722,12.155617790434116,45,226.2795061728395,False
Ranipet,1,1,1,855.3943880051224,-0.2632913319689385,4.22472235964853,3.321321017161047,45,14.1283950617284,False
Ratlam,0,1,1,962.035983046808,0.15630634908587615,7.372677235321461,5.6892796059077755,45,64.42666666666668,False
Ratnagiri,1,1,1,890.179927122824,0.09483635896676856,6.666145839273103,5.337694101295036,45,49.09333333333333,False
Rayagada,1,1,2,921.7233095916928,0.2875564703132385,10.571745745423701,8.093883500343502,45,156.8711111111111,False
Rewa,1,1,1,1002.4971653167197,0.16868638470670527,15.545357729093158,10.176464286564341,45,290.69432098765435,False
Rewari,1,1,1,969.2967513619311,0.33132867504570673,15.70459749679851,12.072212522785572,45,368.8424691358024,False
Rohtak,1,1,1,989.1202693984718,0.2995484894780803,18.153487777127395,13.242499375744451,45,470.48098765432104,False
Rudraprayag,2,1,0,969.4735516106499,-0.0667301191381966,16.791639546250973,12.750299131896226,45,264.320987654321,False
Rupnagar,0,1,2,900.4967776080571,0.19382049666326784,14.076030584178728,9.156612648523176,45,245.76987654320988,False
Sagar,0,1,1,975.4204296139264,-0.047361587131333094,12.955889838287991,8.43052479082785,45,160.2646913580247,False
Saharanpur,1,1,1,916.1251693420403,0.18714473987406133,15.465528117059442,11.131963232351254,45,294.2498765432099,False
Saharsa,2,1,1,921.1951580305092,0.12177245200991371,14.316381998715771,10.07740484958654,45,233.37777777777774,False
Sahibganj,2,1,2,949.7559258840556,-0.04524290577013468,14.388980058142435,9.519449747451967,45,198.08098765432104,False
Saiha,2,1,1,865.4430932308221,-0.32872179763862586,14.9274559795094,11.473811091595808,45,167.7017283950617,False
Saitual,1,1,1,872.5541885623293,-0.12689799076713593,12.860261723198311,9.653440602379757,45,146.76246913580246,False
Salem,1,1,2,799.0737606586995,0.26398336292453284,6.590011591227001,5.499815373850245,45,59.00444444444444,False
Samastipur,2,1,1,922.5928063379963,0.08248820470192142,16.827977908851643,11.15122200322137,45,308.63999999999993,False
Samba,1,1,1,946.2889362834671,0.39232933279795756,12.340160794832089,8.475736961776068,45,250.59555555555553,False
Sambalpur,1,1,1,919.8166214268135,0.1869668874546958,14.472698804116375,10.8163274878652,45,257.62666666666667,False
Sambhal,0,1,2,981.2944057434934,0.25124533929501436,15.669189312783315,11.87832749894175,45,327.90913580246917,False
Sangli,1,1,1,945.7818465014012,0.2847630087841829,11.240931238771738,8.562130510580072,45,176.66666666666663,False
Sangrur,1,1,1,985.516882096743,0.14303493721861604,18.90327206441469,12.736618028027305,45,416.9758024691358,False
Sant,0,1,0,938.025793861738,0.32186744560838043,7.735919107930514,5.355555555555555,45,88.2488888888889,False
Saraikela,1,1,1,924.1654486353162,0.011842781378650469,18.39951562190703,14.552712340927059,45,342.59950617283954,False
Saran,1,1,1,974.3579173733847,-0.04349953226628411,16.53745965177547,12.65894652349748,45,262.0869135802469,False
Satara,0,1,0,898.874432733975,0.3281250000000001,12.40340455054355,8.955555555555556,45,228.97777777777782,False
Satna,2,1,1,995.8032142334647,0.16011664919553137,15.229103580636357,10.11033216562953,45,276.14024691358026,False
Sawai Madhopur,2,1,2,991.6859796219403,0.30340290957091953,10.362789559792626,6.828560016319285,45,154.16,False
Sehore,1,1,1,1086.641413951032,-0.1275450955547186,19.527805675605567,16.11610149795442,45,338.19950617283956,False
Seoni,0,1,2,953.4908827977608,0.035011491774809,13.019275784312116,9.321617086920652,45,175.65135802469138,False
Serchhip,2,1,2,915.5203190600103,-0.18525668328023936,13.717918987244053,11.113802295121118,45,158.76839506172837,False
Shahdara,0,1,1,1038.323876069081,0.4596259703457054,13.746024420348078,9.98126143078766,45,349.6711111111111,False
Shahdol,1,1,1,961.5916534741259,-0.009269588440276477,14.399594837600487,10.415281001465852,45,205.44395061728392,False
Shahjahanpur,0,1,2,949.2482470351877,0.1817869206281587,21.965810215672008,17.570130842540035,45,589.6958024691357,False
Shajapur,1,1,2,935.9329869603641,-0.0371710532586742,9.634308215588856,7.324116530274439,45,89.49333333333333,False
Sheikhpura,2,1,1,1033.1753113956936,0.45448442150347745,17.4740429087113,9.873157900096688,45,559.7313580246914,False
Sheohar,1,1,2,905.5478835539761,0.39208355024657715,11.202266143318576,7.906478871353487,45,206.42765432098764,False
Sheopur,1,1,1,998.4143806358012,0.43885601904170224,8.477826251242046,5.590617256663492,45,128.083950617284,False
Shimla,0,1,2,958.3174586520057,0.30894262691192187,13.007697472703866,9.410895631255812,45,244.8424691358025,False
Shimoga,1,1,1,972.6049468451401,0.32336011251223307,12.543577181323599,9.648355054026426,45,232.53333333333336,False
Shivpuri,1,1,1,1000.0424929065521,0.36126782310492966,10.485867021002575,7.157962813013224,45,172.14320987654318,False
Shupiyan,2,1,1,1025.9064990954012,0.6083039148649689,14.08794455877141,9.321908458486961,45,506.69432098765435,False
Siang,0,1,0,1427.5517635319527,0.09834851627421481,13.940510673495352,8.5,74,215.53542731921112,False
Siddipet,1,1,1,955.4716555047582,0.2924745152108812,12.117107370252747,9.189979630738991,45,207.51802469135805,False
Sidhi,1,1,1,966.0324847738207,0.1641994891324985,15.257188228959729,10.229402395064099,45,278.51358024691365,False
Sikar,1,1,2,1007.2312628507246,-0.01625861056994271,12.169005219298585,9.170596525488342,45,145.71555555555554,False
Simdega,2,1,2,935.7008135008467,-0.12333912561156479,16.491449033910392,13.124143017079858,45,242.10666666666674,False
Sirmaur,1,1,1,986.558330793447,0.29430622785259697,13.754384152653989,8.353323940234201,45,268.080987654321,False
Sirohi,2,1,2,935.3076254903262,0.29821195712190085,12.572191350594855,8.531740999427662,45,225.2246913580247,False
Sirsa,1,1,1,982.1960180321869,0.16016983547926478,15.333950912754089,9.967116964496359,45,279.9733333333333,False
Sitamarhi,1,1,2,905.5478835539761,0.3890114606966524,11.24133070702509,7.993429659998661,45,206.8246913580247,False
Sitapur,0,1,1,941.7144220806206,0.17763484180382672,14.509440239830637,11.044580782391538,45,255.998024691358,False
Sivaganga,1,1,1,856.9459221006717,-0.0490533475682029,7.018873221812351,5.5678071176799655,45,46.960987654321,False
Siwan,1,1,2,935.764386955186,0.3408208588579531,12.23382779902353,8.596291612130623,45,227.04987654320988,False
Solan,1,1,1,962.9393470699599,0.21740068536395218,13.421799451239181,9.969035193903242,45,230.18765432098763,False
Solapur,1,1,0,889.6965305940191,0.3237294011844404,5.615863345992521,4.320965536884785,45,46.63506172839506,False
Somnath,1,1,1,947.2960374601789,0.4470225614036335,12.366898512849426,9.761206768318965,45,276.57580246913585,False
Sonipat,0,1,1,1051.8127168723177,0.2730015046483486,16.107177614226007,11.680903839140283,45,356.86617283950613,False
South Salmara,1,1,1,901.2618029507266,0.3013873152937615,10.070810836851228,8.048409489164852,47,145.17519239474873,False
South Suburban,2,1,1,929.3477705003583,0.21468346086965484,9.727300035638692,7.720816470897201,45,120.48691358024692,False
Srikakulam,1,1,2,839.1985338834188,0.25461981156338254,4.67815118507974,3.5733619065854567,45,29.36098765432098,False
Srinagar,2,1,1,1032.6415351955604,0.46755882073313204,17.526338665041756,10.426704543114928,45,576.9135802469137,False
Sukma,1,1,2,907.118864651291,0.41360498477714036,10.21166581885428,8.265521943533965,45,177.82913580246912,False
Sultanpur,1,1,1,1002.1126276819692,0.3462228304354621,13.054371839405496,9.20340835400387,45,260.6646913580247,False
Sundargarh,1,1,1,947.7640628356128,0.01261935575146067,17.346750035172754,13.057936729197865,45,304.75555555555553,False
Supaul,2,1,1,917.7049432846488,0.09347433282085549,14.481570069530491,10.13244114014554,45,231.34024691358022,False
Surajpur,1,1,1,903.870026547498,0.23415768873624943,13.559401571915258,9.219048514628222,45,240.07209876543214,False
Surat,0,1,1,885.9917904041619,0.3911314996209141,11.936172851072469,8.045848616606033,45,233.99506172839497,False
Surendranagar,0,1,2,952.1894839784311,0.1994099810139599,10.81402208328411,8.146816861136854,45,146.0711111111111,False
Surguja,1,1,1,955.0196261324963,-0.090401984295017,16.760567667613298,12.411537523445698,45,257.6266666666667,False
Suryapet,1,1,1,963.3172225934554,0.17659777808011612,9.478176271358171,7.582655631260455,45,109.1032098765432,False
Talab Data,1,1,1,864.2901218469622,0.2683625858390055,13.130683964467432,7.90888819182019,41,235.65615704937534,False
Tamenglong,1,1,1,892.5061758554541,0.03965315750099441,13.200453421681395,10.69687736896508,45,181.44691358024693,False
Tarn Taran,0,1,1,965.6499398534859,-0.02400915473556764,10.144687769630504,5.5319988983646535,45,100.5017283950617,False
Tawang,2,1,1,959.5039155342361,-0.08385911429957082,8.02709287707603,6.232313322043774,45,59.4488888888889,False
Tehri-Garhwal,0,1,2,929.1753252809941,0.07519430942533833,15.230457710441387,11.486867697052341,45,250.82765432098765,False
Tenkasi,1,1,1,759.9588013444998,-0.022899213995718926,6.960281391270462,4.827437430364421,45,47.36098765432098,False
Thane,0,1,1,993.213962421476,-0.08645809525404813,12.839132523641231,10.076687883712664,45,151.7254320987654,False
Thanjavur,2,1,2,846.5006321215241,0.3135096222681605,3.7488529998447535,3.085200688759134,45,20.472098765432097,False
Thiruvananthapuram,0,1,1,810.289185062817,0.012167688564246881,4.707817152315974,3.9419544532419257,45,22.43654320987654,False
Thiruvarur,1,1,1,816.8277791941266,-0.17847942438508846,5.748895610992469,3.8230765269834994,45,28.044444444444444,False
Thoubal,1,1,1,797.2202972006032,0.002964923360470162,11.951751076511508,9.853786105914303,45,143.26913580246912,False
Thrissur,2,1,2,871.2891656366637,-0.008738586764927891,5.708632334798498,4.844232915035718,45,32.30617283950617,False
Tikamgarh,0,1,1,973.8116810677592,0.26292749802733695,11.802070476751853,8.359683949754356,45,188.97580246913583,False
Tinsukia,1,1,1,896.5098834589294,0.13781709947646237,12.890599382375546,10.764019959794926,45,192.72888888888886,False
Tirap,2,1,1,970.2816269331106,0.13239222989160238,9.5967457403872,8.017528218090014,45,106.15111111111112,False
Tiruchirappalli,1,1,1,847.9222835565585,0.26060308548878053,3.8437993517077134,3.153297838928414,45,19.982222222222227,False
Tirunelveli,1,1,1,790.5652080140367,0.03696007062280249,5.36956483780286,4.2728582557805685,45,29.93876543209875,False
Tiruppur,1,1,1,903.0037717029741,0.22372321259422578,7.69775366099828,5.973788125760154,45,76.33283950617285,False
Tiruvannamalai,1,1,2,816.5037554685796,-0.2272408798151293,4.674434946024983,3.7537830202821953,45,17.804444444444442,False
Tonk,0,1,2,1010.9768151500102,0.19056318413593543,13.948499202488227,10.310083694038406,45,240.3654320987654,False
Tuensang,1,1,1,872.9626179717334,-0.1530088204927924,8.244461843502084,6.370517010227133,45,58.951111111111096,False
Tumkur,1,1,1,928.3570141186503,-0.08123025192955691,9.723310816214838,8.094530080149275,45,87.43999999999998,False
Udaipur,2,1,2,2098.992002817625,-0.008513314791171567,14.336981987789404,11.380361890152539,88,203.81392045454547,False
Udalguri,2,1,2,842.0907386884646,0.16812813534180449,10.164751979209095,7.081689631121718,45,124.20444444444442,False
Udhampur,1,1,1,979.9484841762888,0.517098025735554,13.18568760146379,9.357295769006537,45,360.0365432098766,False
Udupi,1,1,1,854.3428938129982,-0.027915443865765388,5.708475822364654,4.5367545261426905,45,31.701728395061725,False
Ujjain,0,1,2,967.1179485379573,0.15805183305009085,8.488470534555063,6.402691178067426,45,85.58024691358024,False
Ukhrul,2,1,1,882.3398461504696,0.23931911718961596,10.86916796752806,8.900535583187198,45,155.30666666666667,False
Umaria,1,1,1,944.1796458712296,0.027259242547158502,14.39090645310543,10.378881208185744,45,212.90172839506175,False
Una,1,1,1,926.3749567714478,0.4129275725834546,13.380690739228093,10.634963303625634,45,304.97580246913583,False
Unnao,1,1,1,1026.4318409531174,0.3689384534181702,12.473628925533237,9.018208289544438,45,246.55506172839497,False
Upper Tirupati,1,1,1,864.0226476992357,0.24459074082740961,5.795444275468101,3.968794402256839,45,44.46222222222223,False
Uttarkashi,1,1,1,1036.323440680056,0.3083775678762828,13.247433560871087,9.749551148027662,45,253.74320987654318,False
Vadodara,1,1,1,932.2923741209031,0.18721985040764033,12.229849056026115,8.867575270340199,45,184.02172839506173,False
Valsad,0,1,1,912.583706331219,0.3731698788911493,11.258096683830301,8.226584380137348,45,202.1995061728395,False
Varanasi,1,1,1,997.4091159953355,0.382562880822756,12.69442176470778,9.178524663834272,45,260.99555555555554,False
Vellore,1,1,1,851.9137682502262,0.04797842325861501,4.938870140579339,3.7065522109666005,45,25.621728395061727,False
Vidisha,2,1,2,1078.1233175708091,-0.1636154916484318,20.690748377921867,16.83016137990793,45,367.9111111111111,False
Vikarabad,2,1,0,920.5606162423874,0.21158496690025852,8.51875716952385,6.190153812172745,45,92.04444444444445,False
Visakhapatnam,1,1,1,823.0809874135648,0.4306381990624515,4.064644270835971,3.174150517218614,45,29.017283950617283,False
Vizianagaram,1,1,1,861.9378992150437,0.10300733151503849,5.041528247511154,4.122452020103774,45,28.335802469135807,False
Wanaparthy,1,1,1,915.6191844634686,0.23508280327438802,11.333653203541022,8.66711965040112,45,167.92888888888888,False
Warangal,2,1,1,978.6050372476282,0.12378912576391721,14.490146875850998,11.299884238854702,45,239.62765432098766,False
Wardha,1,1,1,930.9218784210032,0.10590841544978147,11.773697773795023,8.714969163818234,45,155.04,False
Washim,1,1,0,901.5719520418337,-0.12959307427016808,7.477866208397005,5.463318314339114,45,49.50320987654322,False
West Godavari,1,0,2,801.9134156166274,0.09723004178118866,5.764620604077356,4.501905928201999,45,36.80987654320987,False
Wokha,2,1,2,826.5375692876746,0.03456607229220532,10.211114737992215,7.826638016484582,45,108.0,False
Yadgir,2,1,1,959.2032179345757,0.13836819284761337,9.545780478962904,7.421720060018073,45,105.75506172839506,False
Yamunanagar,2,1,2,923.4171086743261,0.11542113971440038,16.522679754684926,11.70856589281548,45,308.6202469135802,False
Yanam,1,1,1,853.8155140390243,0.29461245141161163,3.4249066175367626,2.507622802264374,45,16.62913580246914,False
Yavatmal,0,1,1,905.7660230264066,-0.15921671965459705,8.062169031322194,6.048449819792103,45,56.07111111111111,False
Zunheboto,1,1,1,854.6542769299186,-0.09085856200106379,9.889833304922442,7.402381304165194,45,89.66222222222221,False
