city,n_rows,temp_nunique,temp_unique_ratio,temp_max_run,temp_variance,hum_nunique,hum_unique_ratio,hum_max_run,hum_variance
Adilabad,180,88,0.4888888888888889,3,7.645846913580247,70,0.3888888888888889,3,458.7202469135803
Agar,180,91,0.5055555555555555,2,8.825772839506174,69,0.38333333333333336,2,432.15666666666675
Agra,180,115,0.6388888888888888,2,39.45798117283951,60,0.3333333333333333,2,338.7535802469136
Ahmadnagar,180,71,0.39444444444444443,3,4.157758024691358,65,0.3611111111111111,3,433.0141666666666
Aizawl,180,99,0.55,3,15.133739506172837,42,0.23333333333333334,13,186.4541666666667
Ajmer,180,102,0.5666666666666667,2,24.890809876543212,57,0.31666666666666665,2,333.7529320987654
Akola,180,80,0.4444444444444444,3,5.851610802469135,71,0.39444444444444443,2,444.42083333333335
Alappuzha,180,33,0.18333333333333332,3,0.7053839506172841,23,0.12777777777777777,3,22.217777777777783
Aligarh,180,123,0.6833333333333333,2,36.75711450617284,60,0.3333333333333333,2,295.34950617283954
Alipur,4,4,1.0,1,0.31500000000000006,4,1.0,1,2.5
Alirajpur,180,74,0.4111111111111111,2,5.182013580246913,65,0.3611111111111111,3,457.7458024691358
Allahabad,180,122,0.6777777777777778,2,29.568883950617288,61,0.3388888888888889,2,346.28098765432094
Almora,180,119,0.6611111111111111,2,50.835714506172835,58,0.32222222222222224,2,262.13194444444446
Alwar,180,120,0.6666666666666666,2,36.854955555555556,62,0.34444444444444444,2,308.7988888888889
Ambala,180,116,0.6444444444444445,3,30.12448024691358,66,0.36666666666666664,2,309.32256172839504
Amethi,180,118,0.6555555555555556,3,28.16212469135802,67,0.37222222222222223,3,323.2906172839506
Amravati,180,81,0.45,2,6.585555555555555,70,0.3888888888888889,2,464.7017283950617
Amreli,180,78,0.43333333333333335,2,5.6002774691358015,67,0.37222222222222223,2,438.96972222222223
Amritsar,180,28,0.15555555555555556,4,46.11171111111111,19,0.10555555555555556,15,80.50543209876544
Anand,180,84,0.4666666666666667,3,10.794143209876543,60,0.3333333333333333,3,329.76972222222224
Anantapur,180,71,0.39444444444444443,3,4.921617283950617,58,0.32222222222222224,4,250.96555555555554
Anantnag,179,114,0.6368715083798883,2,28.625822539870786,64,0.3575418994413408,3,391.73446521644144
Anugul,180,102,0.5666666666666667,2,11.584272839506168,51,0.2833333333333333,2,197.00033950617285
Anuppur,180,105,0.5833333333333334,2,15.444254320987655,67,0.37222222222222223,3,409.2941666666666
Araria,180,112,0.6222222222222222,2,20.329895061728397,66,0.36666666666666664,3,345.9610802469136
Ariyalur,180,17,0.09444444444444444,6,2.400865432098766,14,0.07777777777777778,5,40.755061728395056
Arong,126,27,0.21428571428571427,2,3.7951826656588556,22,0.1746031746031746,3,20.12673217435122
Arwal,180,33,0.18333333333333332,5,33.68543333333333,25,0.1388888888888889,7,153.08922839506175
Ashoknagar,180,101,0.5611111111111111,2,16.372608333333332,66,0.36666666666666664,2,404.7124691358025
Auraiya,180,114,0.6333333333333333,3,32.581475,59,0.3277777777777778,2,283.1270061728395
Aurangabad,180,70,0.3888888888888889,4,6.013011111111112,65,0.3611111111111111,3,500.85320987654325
Azamgarh,180,119,0.6611111111111111,3,32.10455895061729,63,0.35,3,329.81638888888887
Badgam,179,114,0.6368715083798883,2,28.97433663119129,68,0.37988826815642457,3,428.89978465091605
Bagalkot,180,78,0.43333333333333335,2,4.392813580246913,65,0.3611111111111111,3,364.9680246913581
Bageshwar,180,100,0.5555555555555556,2,13.674114506172838,66,0.36666666666666664,2,351.5661728395062
Baghpat,180,33,0.18333333333333332,4,39.820652777777774,38,0.2111111111111111,3,204.06469135802467
Bahraich,180,118,0.6555555555555556,2,29.642497222222218,61,0.3388888888888889,2,307.40358024691363
Baksa Duar,180,102,0.5666666666666667,2,15.41876388888889,56,0.3111111111111111,3,200.780987654321
Balaghat,180,90,0.5,2,8.921122222222222,61,0.3388888888888889,3,462.8114506172839
Balangir,180,95,0.5277777777777778,3,9.402077469135802,64,0.35555555555555557,2,348.6387654320988
Baleshwar,180,100,0.5555555555555556,2,13.16756635802469,54,0.3,3,238.21145061728396
Ballia,180,114,0.6333333333333333,3,31.75496635802469,68,0.37777777777777777,2,311.718024691358
Balod,180,85,0.4722222222222222,3,9.255030555555555,64,0.35555555555555557,3,397.66
Baloda Bazar,180,88,0.4888888888888889,3,9.387666666666668,71,0.39444444444444443,3,458.6646913580247
Balrampur,180,112,0.6222222222222222,2,28.881455555555558,68,0.37777777777777777,2,312.39070987654316
Banda,180,109,0.6055555555555555,2,29.77243209876543,54,0.3,2,309.99
Bangalore,199,17,0.08542713567839195,10,3.4316148582106507,22,0.11055276381909548,9,117.98681851468396
Banka,180,111,0.6166666666666667,2,21.58364320987654,65,0.3611111111111111,3,354.92033950617287
Bankura,180,103,0.5722222222222222,3,14.886211111111109,73,0.40555555555555556,4,470.7124691358025
Banswara,180,83,0.46111111111111114,2,5.826032098765432,70,0.3888888888888889,5,488.8129320987654
Bara Banki,180,33,0.18333333333333332,6,36.939476543209885,32,0.17777777777777778,5,164.34922839506177
Baramula,180,105,0.5833333333333334,3,21.05915895061728,70,0.3888888888888889,2,416.65589506172836
Baran,180,104,0.5777777777777777,2,18.21325432098765,61,0.3388888888888889,3,362.7203395061728
Barddhaman,256,101,0.39453125,4,15.604345550537108,67,0.26171875,4,447.19664001464844
Bareilly,180,103,0.5722222222222222,3,31.815109876543207,66,0.36666666666666664,2,478.29320987654313
Bargarh,180,90,0.5,2,8.413165432098765,63,0.35,2,377.39888888888885
Barjala,45,32,0.7111111111111111,3,6.620958024691357,27,0.6,3,151.71061728395063
Barmer,180,96,0.5333333333333333,2,20.932924691358025,59,0.3277777777777778,3,362.83194444444445
Barnala,180,123,0.6833333333333333,2,38.081425617283955,57,0.31666666666666665,4,340.71638888888884
Barpeta,180,94,0.5222222222222223,3,18.595739506172837,38,0.2111111111111111,5,102.3183950617284
Barwani,179,76,0.4245810055865922,2,4.5528916076277275,66,0.3687150837988827,3,490.80846415530107
Bastar,194,88,0.4536082474226804,3,8.062237485386333,66,0.3402061855670103,4,390.15838558826647
Basti,179,114,0.6368715083798883,2,30.675257950750602,64,0.3575418994413408,3,386.9302456227958
Baudh,180,98,0.5444444444444444,2,10.651447839506172,54,0.3,2,223.76972222222224
Begusarai,180,119,0.6611111111111111,2,29.394498765432097,61,0.3388888888888889,2,311.24617283950613
Belgaum,180,69,0.38333333333333336,2,3.251869135802469,58,0.32222222222222224,3,347.88700617283956
Bellary,180,78,0.43333333333333335,2,5.057933333333334,60,0.3333333333333333,3,315.8052777777778
Betul,180,83,0.46111111111111114,2,6.033188580246914,69,0.38333333333333336,2,462.26972222222224
Bhabua,180,114,0.6333333333333333,3,24.816475,63,0.35,2,318.7647839506173
Bhadohi,180,121,0.6722222222222223,3,26.488969135802463,62,0.34444444444444444,2,346.635061728395
Bhadrak,180,94,0.5222222222222223,3,12.886146913580246,53,0.29444444444444445,3,226.2566358024691
Bhagalpur,180,112,0.6222222222222222,3,24.716536728395063,64,0.35555555555555557,2,333.60555555555555
Bhandara,180,81,0.45,3,8.833307098765431,57,0.31666666666666665,3,289.51222222222225
Bharatpur,180,118,0.6555555555555556,3,41.776754320987656,65,0.3611111111111111,2,343.6781172839506
Bharuch,180,84,0.4666666666666667,3,6.084386111111112,69,0.38333333333333336,3,452.4995061728395
Bhavnagar,180,73,0.40555555555555556,2,6.851670061728394,57,0.31666666666666665,3,222.9622222222222
Bhilwara,180,95,0.5277777777777778,2,18.650517283950617,68,0.37777777777777777,2,362.11432098765437
Bhind,180,119,0.6611111111111111,2,33.48708487654321,60,0.3333333333333333,2,285.92033950617287
Bhiwani,180,119,0.6611111111111111,2,41.60633209876543,60,0.3333333333333333,3,279.2225617283951
Bhojpur,180,100,0.5555555555555556,3,16.634808333333332,55,0.3055555555555556,3,305.64580246913584
Bhopal,180,74,0.4111111111111111,4,10.685373765432098,59,0.3277777777777778,4,408.33320987654326
Bid,180,86,0.4777777777777778,2,6.219203395061728,65,0.3611111111111111,4,405.630987654321
Bidar,180,80,0.4444444444444444,2,5.746529320987654,67,0.37222222222222223,3,412.6069135802469
Bijapur,180,79,0.4388888888888889,2,4.947606172839507,66,0.36666666666666664,3,399.56108024691355
Bijnor,180,115,0.6388888888888888,2,28.20455895061729,62,0.34444444444444444,2,362.03765432098766
Bikaner,179,112,0.6256983240223464,2,40.56604350675697,52,0.2905027932960894,2,179.24796354670582
Bilaspur,180,101,0.5611111111111111,3,11.094919444444445,67,0.37222222222222223,3,422.6919444444444
Bishnupur,180,25,0.1388888888888889,4,21.361425617283953,29,0.16111111111111112,8,117.55737654320987
Biswanath,180,95,0.5277777777777778,2,11.05005061728395,61,0.3388888888888889,3,346.70404320987655
Bokaro,180,106,0.5888888888888889,3,17.616350617283953,70,0.3888888888888889,2,430.38083333333327
Bongaigaon,180,100,0.5555555555555556,2,17.75563302469136,63,0.35,4,316.9532098765432
Budaun,180,116,0.6444444444444445,3,35.56223950617284,65,0.3611111111111111,3,480.3572839506173
Buddha Gaya,180,56,0.3111111111111111,4,33.4827024691358,41,0.22777777777777777,6,170.96774691358024
Bulandshahr,180,106,0.5888888888888889,3,34.51477777777778,58,0.32222222222222224,3,387.3511111111111
Buldana,179,78,0.43575418994413406,3,5.0522199681657876,70,0.39106145251396646,3,470.3792016478887
Bundi,180,106,0.5888888888888889,3,20.05793333333333,63,0.35,2,321.373950617284
Burhanpur,180,81,0.45,2,5.767373765432098,70,0.3888888888888889,4,460.345524691358
Buxar,180,120,0.6666666666666666,2,29.512188580246914,62,0.34444444444444444,3,317.9907098765432
Calcutta,15,11,0.7333333333333333,2,11.2,7,0.4666666666666667,2,124.69333333333334
Chamba,180,115,0.6388888888888888,2,26.954322222222224,68,0.37777777777777777,2,402.09367283950627
Chamoli,180,114,0.6333333333333333,2,32.493875,72,0.4,2,534.0141666666666
Champawat,180,109,0.6055555555555555,3,24.139458024691358,57,0.31666666666666665,2,271.99416666666673
Chandauli,180,120,0.6666666666666666,2,27.1832774691358,64,0.35555555555555557,2,333.2517283950618
Chandel,180,54,0.3,2,1.7417765432098768,45,0.25,3,136.85416666666666
Chandigarh,180,105,0.5833333333333334,4,28.749846913580242,53,0.29444444444444445,3,262.1719444444444
Chandrapur,180,84,0.4666666666666667,2,8.558163888888888,64,0.35555555555555557,2,471.97589506172847
Chatra,180,52,0.28888888888888886,6,31.768521913580248,35,0.19444444444444445,6,123.79811728395063
Chennai,180,11,0.06111111111111111,5,1.729265432098765,10,0.05555555555555555,7,34.21885802469136
Chhatarpur,180,113,0.6277777777777778,2,20.494052777777778,65,0.3611111111111111,3,352.41283950617276
Chhindwara,180,83,0.46111111111111114,2,7.452566358024691,70,0.3888888888888889,3,422.36478395061727
Chikmagalur,180,53,0.29444444444444445,3,1.6729333333333336,56,0.3111111111111111,4,298.0252777777778
Chitradurga,180,68,0.37777777777777777,3,3.483833024691358,59,0.3277777777777778,2,357.3363888888889
Chittaurgarh,180,97,0.5388888888888889,2,17.190511111111114,66,0.36666666666666664,2,384.07194444444445
Chittoor,180,79,0.4388888888888889,2,6.076388580246915,35,0.19444444444444445,3,82.94061728395062
Churachandpur,180,107,0.5944444444444444,3,22.906044444444444,37,0.20555555555555555,6,138.64987654320987
Churu,180,113,0.6277777777777778,2,38.53448765432099,56,0.3111111111111111,2,221.54848765432098
Coimbatore,180,16,0.08888888888888889,5,2.4483811728395057,30,0.16666666666666666,4,174.58209876543208
Cuddalore,180,43,0.2388888888888889,2,1.2682543209876542,31,0.17222222222222222,2,37.26246913580246
Cuttack,180,25,0.1388888888888889,6,14.80522561728395,20,0.1111111111111111,6,65.32209876543209
Dadra,180,66,0.36666666666666664,3,3.072941666666667,63,0.35,3,343.0822222222222
Daman,180,64,0.35555555555555557,3,2.8689333333333327,61,0.3388888888888889,2,362.17950617283947
Damoh,180,98,0.5444444444444444,3,15.148941666666664,69,0.38333333333333336,3,427.76246913580246
Darbhanga,180,115,0.6388888888888888,3,27.502966358024686,60,0.3333333333333333,2,324.6961728395062
Darjiling,180,90,0.5,2,11.785499691358023,50,0.2777777777777778,3,177.86358024691356
Darrang,180,105,0.5833333333333334,3,17.227850617283952,51,0.2833333333333333,3,255.51515432098765
Datia,179,115,0.6424581005586593,2,23.848229456009488,59,0.329608938547486,3,320.9974719890141
Dausa,180,26,0.14444444444444443,4,30.891683950617285,47,0.2611111111111111,4,216.24802469135804
Dehradun,180,104,0.5777777777777777,2,24.49131358024691,61,0.3388888888888889,2,286.8986111111111
Deoghar,180,106,0.5888888888888889,2,17.352919444444442,62,0.34444444444444444,3,412.1030555555555
Deoria,180,116,0.6444444444444445,2,31.621887654320986,67,0.37222222222222223,3,432.7818209876543
Dewas,180,39,0.21666666666666667,6,8.03358611111111,49,0.2722222222222222,5,258.8475
Dhalai,180,100,0.5555555555555556,3,19.941554320987652,45,0.25,3,171.1097222222222
Dhamtari,179,85,0.4748603351955307,3,9.22295933335414,64,0.3575418994413408,3,393.07818108049054
Dhanbad,180,93,0.5166666666666667,3,14.475633024691362,69,0.38333333333333336,2,435.0351543209877
Dhar,180,40,0.2222222222222222,4,8.362809876543208,43,0.2388888888888889,5,259.0054320987654
Dharmanagar,220,106,0.4818181818181818,4,22.562027066115704,41,0.18636363636363637,6,164.5574173553719
Dharmapuri,180,66,0.36666666666666664,2,3.9268626543209875,41,0.22777777777777777,3,101.70033950617285
Dharwad,180,73,0.40555555555555556,2,4.084833333333333,65,0.3611111111111111,3,364.57580246913585
Dhaulpur,180,126,0.7,2,37.54748487654321,62,0.34444444444444444,2,350.3497222222222
Dhemaji,180,105,0.5833333333333334,2,18.334833024691356,50,0.2777777777777778,3,264.50135802469134
Dhenkanal,180,26,0.14444444444444443,6,14.79711111111111,20,0.1111111111111111,12,65.67145061728394
Dhubri,180,91,0.5055555555555555,3,14.904555555555557,64,0.35555555555555557,2,324.94996913580246
Dhule,180,74,0.4111111111111111,2,4.8665219135802475,65,0.3611111111111111,3,391.85555555555555
Dibrugarh,180,105,0.5833333333333334,2,18.07604043209876,50,0.2777777777777778,3,263.13638888888886
Dimapur,180,95,0.5277777777777778,3,21.514386111111115,43,0.2388888888888889,4,142.06527777777777
Dindigul,180,46,0.25555555555555554,4,5.038135802469137,29,0.16111111111111112,7,62.38691358024691
Dindori,180,112,0.6222222222222222,3,45.708833024691366,66,0.36666666666666664,3,406.2672839506173
Diu,180,76,0.4222222222222222,2,6.664661728395061,63,0.35,3,318.735061728395
Doda,180,131,0.7277777777777777,2,41.410595987654325,72,0.4,3,415.860987654321
Dohad,180,82,0.45555555555555555,2,5.934754320987654,67,0.37222222222222223,5,456.9555555555556
Dumka,180,114,0.6333333333333333,2,18.08645524691358,63,0.35,3,421.25416666666666
Dungarpur,180,89,0.49444444444444446,2,10.40168024691358,65,0.3611111111111111,3,410.12888888888887
Durg,180,83,0.46111111111111114,3,8.213763888888888,69,0.38333333333333336,3,427.4772839506173
Dwarka,180,59,0.3277777777777778,3,5.0462996913580245,47,0.2611111111111111,3,175.8606172839506
East Godavari,306,75,0.24509803921568626,4,4.826623948054166,28,0.0915032679738562,4,47.0575953693024
Enounga,16,10,0.625,1,0.14234374999999966,11,0.6875,2,12.37109375
Ernakulam,180,12,0.06666666666666667,6,1.5211219135802467,13,0.07222222222222222,15,60.6420987654321
Erode,180,56,0.3111111111111111,2,2.1634749999999996,45,0.25,2,107.10246913580248
Etah,180,124,0.6888888888888889,3,35.374719444444445,60,0.3333333333333333,3,269.99555555555554
Etawah,180,118,0.6555555555555556,2,32.68890617283951,61,0.3388888888888889,2,261.19135802469134
Faizabad,180,120,0.6666666666666666,2,29.517099999999996,67,0.37222222222222223,2,344.7363888888889
Faridabad,180,34,0.18888888888888888,5,39.550425617283956,40,0.2222222222222222,3,223.61654320987654
Faridkot,179,118,0.659217877094972,2,38.24824818201679,61,0.3407821229050279,2,320.86988545925533
Farrukhabad,180,111,0.6166666666666667,3,33.47672222222222,66,0.36666666666666664,3,274.3363888888889
Fatehabad,180,117,0.65,2,38.40862222222222,55,0.3055555555555556,2,308.39395061728396
Fatehgarh Sahib,180,114,0.6333333333333333,3,36.635299691358014,63,0.35,2,330.43885802469134
Fatehpur,180,113,0.6277777777777778,2,29.66505277777778,67,0.37222222222222223,2,336.445524691358
Fazilka,180,121,0.6722222222222223,2,40.42164043209876,55,0.3055555555555556,4,246.005524691358
Firozabad,180,116,0.6444444444444445,2,37.83625277777777,60,0.3333333333333333,2,328.96098765432095
Firozpur,180,108,0.6,3,37.133484876543214,55,0.3055555555555556,3,327.9941666666667
Gadag,179,74,0.4134078212290503,2,4.084004868761898,66,0.3687150837988827,4,373.89251271807996
Ganderbal,180,115,0.6388888888888888,2,28.679381172839506,68,0.37777777777777777,3,425.76839506172837
Gandhinagar,180,19,0.10555555555555556,5,11.330573765432101,44,0.24444444444444444,7,225.55111111111114
Ganganagar,180,119,0.6611111111111111,2,45.72222561728395,51,0.2833333333333333,2,204.36083333333332
Ganjam,180,91,0.5055555555555555,2,9.84035061728395,36,0.2,2,71.87728395061728
Garhwa,180,97,0.5388888888888889,3,16.623833024691358,61,0.3388888888888889,3,376.08444444444444
Garhwal,180,103,0.5722222222222222,2,26.542276543209876,63,0.35,2,320.1069135802469
Gariaband,180,90,0.5,2,9.767069135802469,63,0.35,3,378.06246913580253
Gaya,180,48,0.26666666666666666,6,33.86329969135802,35,0.19444444444444445,6,141.96469135802468
Geinyale,16,10,0.625,2,0.2340234374999995,8,0.5,2,28.99609375
Ghaziabad,178,30,0.16853932584269662,4,40.0727597525565,37,0.20786516853932585,3,190.14572023734377
Ghazipur,180,123,0.6833333333333333,2,29.998892283950617,65,0.3611111111111111,2,325.2195987654321
Giridih,180,101,0.5611111111111111,2,17.213941666666667,66,0.36666666666666664,2,420.6933333333333
Goa,189,47,0.24867724867724866,3,1.216901542510008,45,0.23809523809523808,3,108.33784048598862
Goalpara,180,93,0.5166666666666667,2,16.393550617283946,60,0.3333333333333333,4,314.5655555555556
Godda,180,111,0.6166666666666667,2,21.5810774691358,65,0.3611111111111111,3,355.1072839506173
Golaghat,180,106,0.5888888888888889,3,17.85178117283951,48,0.26666666666666666,4,190.2595987654321
Gonda,180,110,0.6111111111111112,2,29.592739506172844,64,0.35555555555555557,2,330.24108024691355
Gopalganj,180,118,0.6555555555555556,2,28.163252777777778,66,0.36666666666666664,2,309.6003395061729
Gorakhpur,180,118,0.6555555555555556,2,39.012697222222215,59,0.3277777777777778,2,310.76972222222224
Gulbarga,180,82,0.45555555555555555,2,6.8788320987654314,69,0.38333333333333336,2,396.4129320987654
Gumla,180,99,0.55,2,14.809163888888886,68,0.37777777777777777,2,411.31663580246914
Guna,179,105,0.5865921787709497,3,14.826531631347338,67,0.3743016759776536,3,412.1899441340782
Guntur,180,72,0.4,4,5.981052777777776,28,0.15555555555555556,4,40.26972222222222
Gurdaspur,180,119,0.6611111111111111,3,29.488929320987648,56,0.3111111111111111,3,259.111450617284
Gurgaon,180,33,0.18333333333333332,5,39.61034691358025,39,0.21666666666666667,3,213.6586111111111
Gwalior,179,110,0.6145251396648045,3,32.37569551512125,59,0.329608938547486,3,420.97562498049376
Hailakandi,180,98,0.5444444444444444,3,18.400876543209876,45,0.25,3,177.4532098765432
Hamirpur,180,113,0.6277777777777778,2,32.37422222222222,57,0.31666666666666665,2,285.4363888888889
Hanumangarh,180,120,0.6666666666666666,2,43.70034444444444,52,0.28888888888888886,3,215.93737654320987
Haora,197,23,0.116751269035533,5,22.09709397304749,26,0.1319796954314721,10,102.23309026256797
Hapur,179,109,0.6089385474860335,2,32.75368184513592,65,0.36312849162011174,3,401.96604350675693
Harda,179,89,0.4972067039106145,2,8.382801410692553,69,0.3854748603351955,3,413.2191254954589
Hardoi,179,127,0.7094972067039106,2,32.36882868824319,64,0.3575418994413408,3,283.16469523423115
Hardwar,180,105,0.5833333333333334,3,26.285702469135806,62,0.34444444444444444,3,285.6666666666667
Hassan,178,54,0.30337078651685395,2,1.7447572907461177,50,0.2808988764044944,2,214.92702941547785
Haveri,180,68,0.37777777777777777,3,3.1301959876543206,62,0.34444444444444444,3,347.8929320987654
Hazaribagh,180,104,0.5777777777777777,3,18.811655555555554,55,0.3055555555555556,2,276.8208333333333
Hingoli,179,82,0.4581005586592179,2,5.854576948285009,69,0.3854748603351955,2,458.44786367466685
Hisar,180,126,0.7,2,39.006521913580244,59,0.3277777777777778,2,286.44478395061736
Hojai,180,95,0.5277777777777778,3,16.47782561728395,54,0.3,4,265.5006172839506
Hoshangabad,180,84,0.4666666666666667,4,9.735080246913581,65,0.3611111111111111,2,349.31728395061725
Hoshiarpur,180,112,0.6222222222222222,2,32.27511728395062,57,0.31666666666666665,2,254.90432098765433
Hugli,180,24,0.13333333333333333,4,21.47420339506173,26,0.14444444444444443,8,89.86987654320988
Idukki,179,63,0.35195530726256985,3,8.611661933148152,22,0.12290502793296089,3,43.77678599294653
Imphal,184,101,0.5489130434782609,3,26.73103703922495,41,0.22282608695652173,4,161.63031663516068
Indore,180,37,0.20555555555555555,4,7.929122222222223,44,0.24444444444444444,5,251.3569135802469
Jabalpur,180,92,0.5111111111111111,2,12.441344444444445,71,0.39444444444444443,3,447.75999999999993
Jagatsinghapur,180,24,0.13333333333333333,6,14.690109876543213,21,0.11666666666666667,6,64.21663580246914
Jagtial,180,83,0.46111111111111114,2,5.912665432098765,67,0.37222222222222223,2,418.9198765432099
Jaipur,180,26,0.14444444444444443,4,30.72512191358025,47,0.2611111111111111,4,216.19416666666666
Jaisalmer,180,99,0.55,2,25.381447839506173,55,0.3055555555555556,3,307.78996913580244
Jalandhar,180,123,0.6833333333333333,2,36.822017283950615,59,0.3277777777777778,2,280.6611111111111
Jalaun,180,120,0.6666666666666666,3,35.54401358024691,60,0.3333333333333333,3,278.90774691358024
Jalgaon,180,84,0.4666666666666667,2,5.397521913580247,70,0.3888888888888889,3,451.722561728395
Jalna,180,77,0.42777777777777776,4,6.884586111111111,68,0.37777777777777777,3,475.9958024691358
Jalor,180,93,0.5166666666666667,2,17.779011111111114,68,0.37777777777777777,3,381.1497222222223
Jalpaiguri,180,103,0.5722222222222222,2,16.98314166666667,65,0.3611111111111111,2,330.72765432098765
Jammu,180,113,0.6277777777777778,2,29.22398117283951,51,0.2833333333333333,2,264.6488888888889
Jamnagar,180,79,0.4388888888888889,2,7.851511111111111,52,0.28888888888888886,2,246.00478395061728
Jamtara,180,94,0.5222222222222223,3,15.609566358024692,67,0.37222222222222223,3,432.64333333333326
Jamui,180,112,0.6222222222222222,3,24.54762839506173,67,0.37222222222222223,2,341.2225617283951
Jangaon,180,74,0.4111111111111111,3,4.8730774691358025,57,0.31666666666666665,3,232.25666666666666
Janjgir,180,94,0.5222222222222223,3,10.063040432098767,70,0.3888888888888889,3,439.23444444444436
Jashpur,180,108,0.6,2,20.000203395061725,65,0.3611111111111111,3,358.39194444444445
Jaunpur,180,117,0.65,3,31.26403580246913,63,0.35,2,335.68256172839506
Jhabua,180,81,0.45,2,5.923363888888889,68,0.37777777777777777,5,459.0151543209877
Jhajjar,180,32,0.17777777777777778,5,39.68489228395062,39,0.21666666666666667,3,216.33135802469138
Jhalawar,180,101,0.5611111111111111,3,15.24520987654321,63,0.35,2,374.285524691358
Jhansi,179,110,0.6145251396648045,2,24.578513155020133,65,0.36312849162011174,2,306.0806466714522
Jhargram,180,98,0.5444444444444444,2,13.837733333333333,64,0.35555555555555557,3,415.5733333333333
Jharsuguda,180,96,0.5333333333333333,2,11.319624691358026,64,0.35555555555555557,3,369.0275000000001
Jhunjhunun,180,118,0.6555555555555556,2,40.066808333333334,58,0.32222222222222224,3,231.17219135802472
Jind,180,113,0.6277777777777778,2,37.33733333333333,61,0.3388888888888889,3,316.9497222222222
Jodhpur,180,99,0.55,2,23.91348024691358,61,0.3388888888888889,2,315.2944135802469
Jorhat,180,98,0.5444444444444444,2,16.452655555555555,45,0.25,5,186.00802469135803
Junagadh,180,79,0.4388888888888889,2,5.475388580246913,72,0.4,3,525.7813580246913
Kadapa,180,81,0.45,2,6.133099999999999,44,0.24444444444444444,2,132.62358024691355
Kaithal,180,113,0.6277777777777778,3,36.33387777777778,62,0.34444444444444444,3,330.6697222222222
Kakching,180,98,0.5444444444444444,2,23.347672839506174,42,0.23333333333333334,5,161.67111111111112
Kancheepuram,180,13,0.07222222222222222,5,2.1211283950617283,11,0.06111111111111111,7,34.22256172839506
Kangpokpi,180,101,0.5611111111111111,3,26.565929320987653,41,0.22777777777777777,4,162.0272839506173
Kangra,179,101,0.5642458100558659,2,14.553789831778031,59,0.329608938547486,2,252.95727349333663
Kanker,165,87,0.5272727272727272,3,10.21129109274564,59,0.3575757575757576,3,339.6071258034894
Kannauj,180,118,0.6555555555555556,2,31.67951728395062,63,0.35,3,287.3906172839506
Kanniyakumari,180,37,0.20555555555555555,3,0.940222222222222,31,0.17222222222222222,3,44.098117283950614
Kannur,180,32,0.17777777777777778,3,0.508410802469136,27,0.15,3,35.67194444444445
Kanpur,186,90,0.4838709677419355,3,10.78855619146722,44,0.23655913978494625,5,124.79569892473118
Kantha,188,34,0.18085106382978725,7,37.096639882299684,33,0.17553191489361702,6,169.600837483024
Kapurthala,180,39,0.21666666666666667,4,46.142521913580254,20,0.1111111111111111,15,177.90305555555554
Karaikal,180,44,0.24444444444444444,3,1.2018083333333331,28,0.15555555555555556,3,36.73691358024691
Karauli,180,109,0.6055555555555555,2,25.030735802469138,59,0.3277777777777778,3,311.0087654320987
Kargil,180,128,0.7111111111111111,3,100.80091944444445,63,0.35,2,312.45959876543213
Karimganj,180,107,0.5944444444444444,3,18.41285061728395,47,0.2611111111111111,4,179.98305555555555
Karimnagar,180,74,0.4111111111111111,3,5.24560987654321,66,0.36666666666666664,2,342.6733333333333
Karnal,180,113,0.6277777777777778,3,31.706011111111113,63,0.35,3,339.3363888888889
Karur,180,56,0.3111111111111111,6,3.042828395061729,34,0.18888888888888888,5,63.441080246913586
Kasaragod,180,13,0.07222222222222222,6,1.448344135802469,16,0.08888888888888889,5,66.96777777777778
Kathua,180,110,0.6111111111111112,3,28.446092283950616,60,0.3333333333333333,2,243.79444444444445
Katihar,180,121,0.6722222222222223,2,22.643920987654322,66,0.36666666666666664,2,353.6161728395062
Katni,180,25,0.1388888888888889,6,14.296013580246914,22,0.12222222222222222,7,61.160000000000004
Kavaratti,180,25,0.1388888888888889,3,0.28560339506172827,25,0.1388888888888889,3,27.127746913580246
Kendrapara,180,81,0.45,2,9.46638888888889,43,0.2388888888888889,4,141.37283950617282
Khagaria,180,114,0.6333333333333333,2,27.19211111111111,63,0.35,2,318.722561728395
Khammam,179,73,0.40782122905027934,2,5.360626072844169,38,0.2122905027932961,3,84.92962142255236
Khandwa,179,81,0.45251396648044695,2,6.049551512125089,71,0.39664804469273746,2,455.1630723135982
Khargone,180,78,0.43333333333333335,2,4.525808333333332,65,0.3611111111111111,3,496.36478395061727
Kheda,180,21,0.11666666666666667,5,11.315744135802467,45,0.25,7,229.1765432098765
Kheri,180,119,0.6611111111111111,3,28.170511111111107,67,0.37222222222222223,3,323.2906172839506
Khordha,180,24,0.13333333333333333,6,14.630654320987656,19,0.10555555555555556,6,59.8795061728395
Khowai,180,102,0.5666666666666667,3,17.310488888888887,51,0.2833333333333333,5,235.88922839506174
Khunti,180,39,0.21666666666666667,4,21.21974691358025,41,0.22777777777777777,5,209.19691358024687
Kishanganj,180,111,0.6166666666666667,3,19.870003395061726,67,0.37222222222222223,3,367.868024691358
Kishtwar,180,129,0.7166666666666667,2,38.990363888888886,67,0.37222222222222223,3,454.26777777777784
Koch Bihar,180,95,0.5277777777777778,2,14.548406172839506,70,0.3888888888888889,2,327.12654320987656
Kodarma,180,103,0.5722222222222222,3,21.40226265432099,58,0.32222222222222224,3,282.5299691358025
Kohima,180,102,0.5666666666666667,3,40.213188580246914,37,0.20555555555555555,4,92.78283950617285
Kokrajhar,180,100,0.5555555555555556,2,17.734299691358025,64,0.35555555555555557,4,317.8566358024691
Kolar,180,15,0.08333333333333333,8,2.6301416666666664,24,0.13333333333333333,6,142.02033950617286
Kolhapur,180,67,0.37222222222222223,2,3.626030555555555,61,0.3388888888888889,3,408.9475
Kolkata,235,26,0.11063829787234042,7,21.3376188320507,27,0.1148936170212766,8,93.05850611136259
Kollam,179,32,0.1787709497206704,5,1.8522936237945131,28,0.1564245810055866,5,37.04534814768578
Kondagaon,180,81,0.45,3,8.165536728395061,61,0.3388888888888889,2,350.37959876543215
Koppal,179,71,0.39664804469273746,3,3.7820392621953123,61,0.3407821229050279,3,354.89566492930936
Koraput,180,83,0.46111111111111114,3,6.057233333333333,56,0.3111111111111111,4,254.2722222222222
Korba,180,94,0.5222222222222223,2,13.084313580246913,70,0.3888888888888889,3,402.9624691358025
Kota,180,106,0.5888888888888889,2,20.861944444444443,65,0.3611111111111111,2,327.1870061728396
Kottayam,180,34,0.18888888888888888,3,2.4281469135802465,24,0.13333333333333333,6,49.83283950617284
Kozhikode,180,13,0.07222222222222222,8,1.6288580246913578,14,0.07777777777777778,4,79.00999999999999
Krishna,180,57,0.31666666666666665,4,3.0302543209876545,27,0.15,3,35.672098765432104
Krishnagiri,180,74,0.4111111111111111,2,4.4746700617283945,38,0.2111111111111111,3,97.67111111111113
Kulgam,180,115,0.6388888888888888,2,28.708506172839503,64,0.35555555555555557,3,391.83145061728396
Kupwara,180,119,0.6611111111111111,3,44.54343950617283,70,0.3888888888888889,4,420.15135802469143
Kurnool,180,74,0.4111111111111111,2,4.362608333333334,53,0.29444444444444445,3,178.04972222222224
Laful,8,7,0.875,1,0.22687499999999994,7,0.875,2,11.984375
Lakhimpur,180,117,0.65,2,27.321011111111112,69,0.38333333333333336,2,329.558024691358
Lakhisarai,180,116,0.6444444444444445,2,29.452929320987657,62,0.34444444444444444,2,302.9010802469135
Lalitpur,180,111,0.6166666666666667,2,20.942474999999998,66,0.36666666666666664,3,359.3536728395062
Latehar,179,107,0.5977653631284916,3,20.485738897038168,66,0.3687150837988827,3,396.4367529103336
Latur,180,79,0.4388888888888889,2,5.650333333333333,70,0.3888888888888889,2,464.81777777777774
Lawngtlai,179,99,0.553072625698324,2,17.339022502418775,54,0.3016759776536313,9,263.46687057207953
Leh,180,130,0.7222222222222222,3,72.68492932098765,64,0.35555555555555557,2,287.3077469135802
Lohardaga,180,96,0.5333333333333333,3,15.22796172839506,62,0.34444444444444444,3,321.5295061728395
Lucknow,180,31,0.17222222222222222,6,37.23751111111112,30,0.16666666666666666,5,155.2275
Ludhiana,179,117,0.6536312849162011,2,35.82041946256359,57,0.31843575418994413,3,307.53877844012356
Lunglei,179,103,0.5754189944134078,2,20.531042726506662,48,0.2681564245810056,6,255.18847726350612
Madhubani,180,116,0.6444444444444445,2,25.62155895061728,62,0.34444444444444444,2,313.7944135802469
Madurai,180,36,0.2,4,1.91082561728395,29,0.16111111111111112,7,63.61416666666666
Mahamaya,180,87,0.48333333333333334,3,13.261543209876542,57,0.31666666666666665,2,325.805524691358
Mahasamund,180,91,0.5055555555555555,2,9.137488888888889,67,0.37222222222222223,4,374.3719444444445
Mahe,180,32,0.17777777777777778,3,0.5753320987654321,29,0.16111111111111112,3,38.84987654320988
Mahendragarh,180,118,0.6555555555555556,2,43.6985737654321,64,0.35555555555555557,4,319.35543209876545
Mahesana,180,89,0.49444444444444446,3,14.132146913580245,59,0.3277777777777778,2,313.69811728395064
Mahoba,180,111,0.6166666666666667,2,27.11749228395062,66,0.36666666666666664,2,308.2698765432098
Mainpuri,180,113,0.6277777777777778,2,34.775624691358026,59,0.3277777777777778,3,266.07024691358026
Majuli,180,106,0.5888888888888889,3,17.44387777777778,46,0.25555555555555554,4,183.7870061728395
Malappuram,180,10,0.05555555555555555,8,1.757,15,0.08333333333333333,4,80.46666666666667
Maldah,179,107,0.5977653631284916,2,18.524909334914636,65,0.36312849162011174,3,390.62650978433874
Malkangiri,180,85,0.4722222222222222,2,7.425766666666666,53,0.29444444444444445,3,273.04305555555555
Mamit,180,112,0.6222222222222222,3,32.5168024691358,42,0.23333333333333334,13,185.35589506172838
Mancherial,179,80,0.44692737430167595,2,7.066627133984583,66,0.3687150837988827,2,401.8892668768141
Mandi,179,112,0.6256983240223464,2,23.509004712711835,67,0.3743016759776536,3,413.10402297056896
Mandla,180,93,0.5166666666666667,3,10.80632098765432,68,0.37777777777777777,3,456.1608333333334
Mandsaur,180,88,0.4888888888888889,2,10.650524691358024,65,0.3611111111111111,3,406.54256172839507
Mandya,180,67,0.37222222222222223,2,3.167124691358025,51,0.2833333333333333,2,237.9870061728395
Mansa,180,126,0.7,2,37.48564043209876,60,0.3333333333333333,3,338.77441358024686
Mathura,180,123,0.6833333333333333,3,41.1568950617284,63,0.35,2,353.2388888888889
Mau,179,120,0.6703910614525139,3,31.69206766330639,64,0.3575418994413408,3,320.6232015230486
Mayurbhanj,180,99,0.55,3,14.055497222222224,61,0.3388888888888889,2,319.83515432098767
Medak,180,81,0.45,3,6.153395061728394,60,0.3333333333333333,2,326.4822222222222
Medchal,179,18,0.1005586592178771,6,4.873610686308168,30,0.16759776536312848,4,133.33766112168783
Medinipur,185,96,0.518918918918919,3,12.776816946676405,63,0.34054054054054056,3,417.9899488677867
Meerut,180,103,0.5722222222222222,4,30.441183950617283,63,0.35,3,423.03194444444443
Mirzapur,180,116,0.6444444444444445,3,26.84308765432099,60,0.3333333333333333,2,345.41987654320985
Moga,180,122,0.6777777777777778,2,40.34338395061729,61,0.3388888888888889,3,321.2018209876543
Mokokchung,179,97,0.5418994413407822,3,16.937549389844264,38,0.2122905027932961,7,109.030866702038
Mon,179,106,0.5921787709497207,2,24.735550076464534,37,0.20670391061452514,5,95.74807278174838
Moradabad,180,110,0.6111111111111112,3,29.134211111111107,72,0.4,3,367.00478395061737
Morbi,180,84,0.4666666666666667,2,9.870077469135802,64,0.35555555555555557,3,379.93222222222215
Morena,180,117,0.65,2,34.74650617283951,59,0.3277777777777778,2,410.44256172839505
Moshoit,6,6,1.0,1,0.10666666666666662,4,0.6666666666666666,2,5.8055555555555545
Muktsar,180,124,0.6888888888888889,2,36.93692098765432,61,0.3388888888888889,2,307.5830555555555
Mumbai,205,14,0.06829268292682927,6,2.419937180249851,41,0.2,5,357.9061035098156
Mungeli,180,94,0.5222222222222223,2,14.474722222222221,65,0.3611111111111111,2,395.64750000000004
Munger,179,121,0.6759776536312849,2,28.072032708092756,60,0.33519553072625696,2,314.0315221122936
Murshidabad,180,109,0.6055555555555555,2,17.580252777777776,67,0.37222222222222223,2,392.54555555555555
Muzaffarnagar,180,116,0.6444444444444445,2,28.578955555555552,68,0.37777777777777777,2,357.12626543209876
Muzaffarpur,179,109,0.6089385474860335,3,26.416609344277646,58,0.3240223463687151,5,366.33744265160266
Mysore,180,61,0.3388888888888889,2,2.5378700617283956,52,0.28888888888888886,3,229.76848765432098
Nadia,180,104,0.5777777777777777,2,14.827350617283951,62,0.34444444444444444,2,397.30404320987645
Nagaon,180,72,0.4,2,4.4495861111111115,57,0.31666666666666665,5,375.5166358024691
Nagapattinam,180,42,0.23333333333333334,2,1.287386111111111,30,0.16666666666666666,3,37.593209876543206
Nagar,341,121,0.3548387096774194,3,17.83384026625158,77,0.22580645161290322,3,438.4017509309345
Nagaur,180,112,0.6222222222222222,3,32.18872222222222,57,0.31666666666666665,3,247.29395061728397
Nagpur,180,20,0.1111111111111111,5,10.007373765432098,32,0.17777777777777778,7,142.39765432098767
Nalbari,180,51,0.2833333333333333,4,16.953377777777778,24,0.13333333333333333,7,50.17441358024691
Nalgonda,180,72,0.4,2,4.054003395061728,47,0.2611111111111111,3,133.41416666666666
Namakkal,180,49,0.2722222222222222,2,1.8889861111111113,37,0.20555555555555555,2,74.21293209876544
Nanded,180,82,0.45555555555555555,2,6.780225617283951,69,0.38333333333333336,3,462.5188580246913
Nandi Hills,184,16,0.08695652173913043,9,2.7690616138941397,25,0.1358695652173913,7,139.62287334593574
Nandurbar,180,73,0.40555555555555556,2,4.273381172839507,64,0.35555555555555557,3,507.15543209876546
Narayanpet,180,79,0.4388888888888889,2,5.321386111111112,66,0.36666666666666664,3,341.06
Narayanpur,180,107,0.5944444444444444,2,22.674272839506173,61,0.3388888888888889,3,307.74972222222226
Narsimhapur,179,97,0.5418994413407822,2,11.833990824256423,71,0.39664804469273746,3,396.2482444368153
Navsari,180,68,0.37777777777777777,3,3.0987194444444444,59,0.3277777777777778,3,354.03515432098766
Nawada,180,103,0.5722222222222222,3,29.023961728395065,56,0.3111111111111111,2,268.6763888888889
Nayagarh,180,98,0.5444444444444444,2,12.206018209876543,44,0.24444444444444444,2,121.56527777777778
Neemuch,180,90,0.5,2,12.272595987654318,67,0.37222222222222223,2,406.31416666666667
Nellore,180,79,0.4388888888888889,3,6.87156635802469,39,0.21666666666666667,3,77.04888888888888
New Delhi,180,32,0.17777777777777778,4,40.05633672839507,38,0.2111111111111111,3,206.9777777777778
Nirmal,180,82,0.45555555555555555,2,6.035114506172839,68,0.37777777777777777,3,454.0781172839506
Niwari,180,32,0.17777777777777778,4,39.609569135802474,39,0.21666666666666667,3,205.1869135802469
Nizamabad,180,81,0.45,2,5.824092283950617,69,0.38333333333333336,2,455.3684876543209
North Gauhati,181,48,0.26519337016574585,4,17.2109825707396,24,0.13259668508287292,10,52.558774152193166
North Guwahati,25,11,0.44,2,5.7456000000000005,8,0.32,3,186.8576
Osmanabad,180,73,0.40555555555555556,2,4.9352222222222215,71,0.39444444444444443,2,420.2365432098765
Palakkad,180,13,0.07222222222222222,5,2.3954876543209873,28,0.15555555555555556,4,176.8351543209877
Palghar,179,59,0.329608938547486,3,3.4251777410193194,59,0.329608938547486,3,256.9171374176836
Pali,180,105,0.5833333333333334,2,22.372013580246914,57,0.31666666666666665,3,321.3217283950617
Palwal,180,37,0.20555555555555555,5,39.58068487654322,41,0.22777777777777777,3,228.13515432098765
Panipat,180,116,0.6444444444444445,2,33.67139999999999,65,0.3611111111111111,3,335.9855246913581
Panna,179,111,0.6201117318435754,2,21.240157922661588,64,0.3575418994413408,3,361.7915171186916
Parbhani,180,81,0.45,2,6.479888888888887,65,0.3611111111111111,3,437.63885802469133
Patan,179,95,0.5307262569832403,2,16.970798664211475,66,0.3687150837988827,2,359.0843606629006
Pathanamthitta,180,35,0.19444444444444445,3,1.2514256172839502,28,0.15555555555555556,3,58.85737654320987
Pathankot,180,110,0.6111111111111112,3,30.120274999999996,58,0.32222222222222224,3,244.96555555555557
Patiala,180,114,0.6333333333333333,2,33.468595987654325,62,0.34444444444444444,2,329.47194444444443
Patna,180,38,0.2111111111111111,5,33.58698888888888,24,0.13333333333333333,7,162.05691358024688
Peddapalli,180,77,0.42777777777777776,2,6.790018209876544,66,0.36666666666666664,2,405.631450617284
Pendra,180,83,0.46111111111111114,2,6.834462654320987,66,0.36666666666666664,2,494.01654320987655
Perambalur,180,12,0.06666666666666667,6,2.069633024691358,10,0.05555555555555555,6,40.623333333333335
Phek,180,110,0.6111111111111112,2,24.810092283950613,27,0.15,7,46.293950617283954
Pilibhit,180,107,0.5944444444444444,2,29.507818209876547,61,0.3388888888888889,2,429.59293209876535
Pithoragarh,179,116,0.6480446927374302,3,48.54327829967854,53,0.29608938547486036,2,218.460971879779
Porbandar,179,64,0.3575418994413408,3,5.528091507755688,56,0.3128491620111732,2,271.3315439593021
Pratapgarh,180,90,0.5,2,11.05961111111111,66,0.36666666666666664,3,405.5262654320987
Puducherry,180,47,0.2611111111111111,2,1.5491432098765432,29,0.16111111111111112,2,33.238117283950615
Pudukkottai,180,12,0.06666666666666667,6,2.004813580246913,13,0.07222222222222222,6,40.41293209876543
Pulwama,180,117,0.65,2,39.5126987654321,69,0.38333333333333336,3,420.3077469135803
Punch,180,111,0.6166666666666667,3,34.30771944444444,57,0.31666666666666665,3,282.1883950617284
Pune,180,69,0.38333333333333336,3,3.3169416666666667,67,0.37222222222222223,3,434.5166358024692
Puri,180,22,0.12222222222222222,6,14.542143209876546,19,0.10555555555555556,6,65.86802469135802
Puri District,195,28,0.14358974358974358,6,13.98723050624589,20,0.10256410256410256,6,69.00686390532543
Purnia,180,107,0.5944444444444444,3,22.33059598765432,68,0.37777777777777777,2,361.4018209876543
Puruliya,179,108,0.6033519553072626,2,14.477498829624542,68,0.37988826815642457,2,449.45282606660214
Rae Bareli,180,107,0.5944444444444444,3,31.418595987654328,63,0.35,3,372.7973765432099
Raichur,180,78,0.43333333333333335,2,4.747151543209877,57,0.31666666666666665,2,250.42333333333332
Raigarh,180,96,0.5333333333333333,2,9.912032098765431,63,0.35,2,367.88305555555564
Raipur,179,87,0.4860335195530726,2,7.9115664305109075,72,0.4022346368715084,4,432.7696389001592
Raisen,180,77,0.42777777777777776,4,12.197018209876541,61,0.3388888888888889,4,386.12527777777774
Rajgarh,180,117,0.65,3,32.81959135802469,65,0.3611111111111111,2,299.6017283950617
Rajkot,180,78,0.43333333333333335,2,6.704554320987653,70,0.3888888888888889,3,449.92330246913576
Rajsamand,180,96,0.5333333333333333,3,16.382444444444445,70,0.3888888888888889,3,407.2495061728395
Ramanathapuram,180,49,0.2722222222222222,3,1.4746478395061728,30,0.16666666666666666,3,36.29617283950617
Ramban,180,116,0.6444444444444445,2,26.593258024691355,66,0.36666666666666664,2,438.6117283950618
Ramgarh,179,41,0.22905027932960895,4,21.33513685590337,41,0.22905027932960895,5,205.29084610343
Rampur,180,106,0.5888888888888889,3,28.463772839506177,63,0.35,2,421.04256172839507
Ranchi,180,40,0.2222222222222222,4,21.351240432098766,38,0.2111111111111111,5,200.3595987654321
Rangachang,4,4,1.0,1,0.5225000000000002,4,1.0,1,48.5
Ranipet,180,72,0.4,2,5.122055246913582,34,0.18888888888888888,3,77.60774691358024
Ratlam,180,91,0.5055555555555555,4,7.886307098765432,70,0.3888888888888889,5,457.8143209876543
Ratnagiri,180,57,0.31666666666666665,3,1.9579209876543213,49,0.2722222222222222,3,159.6488888888889
Rayagada,180,97,0.5388888888888889,2,13.320270061728394,41,0.22777777777777777,2,123.24478395061728
Rewa,180,117,0.65,2,24.18844783950617,62,0.34444444444444444,2,367.3295061728395
Rewari,179,105,0.5865921787709497,2,40.832655035735456,63,0.35195530726256985,4,410.0163540463781
Rohtak,180,115,0.6388888888888888,3,39.09301111111111,63,0.35,3,426.5240432098766
Rudraprayag,179,106,0.5921787709497207,2,25.854493929652634,64,0.3575418994413408,3,349.37829655753563
Rupnagar,180,114,0.6333333333333333,2,35.78234444444445,58,0.32222222222222224,2,264.25543209876537
Sagar,179,98,0.547486033519553,2,13.688434193689336,69,0.3854748603351955,2,431.360756530695
Saharanpur,179,113,0.6312849162011173,3,28.41121500577385,67,0.3743016759776536,2,324.9748759402016
Saharsa,180,113,0.6277777777777778,3,26.27671450617284,65,0.3611111111111111,2,335.3573765432099
Sahibganj,179,112,0.6256983240223464,2,22.676320963765175,63,0.35195530726256985,3,345.9648575262944
Saiha,180,98,0.5444444444444444,2,17.389277469135802,55,0.3055555555555556,9,270.44478395061725
Saitual,179,113,0.6312849162011173,3,33.26877750382322,44,0.24581005586592178,13,182.90583939327735
Salem,180,62,0.34444444444444444,3,2.7857172839506172,34,0.18888888888888888,4,64.8772839506173
Samastipur,179,111,0.6201117318435754,3,26.830784307605875,60,0.33519553072625696,5,368.3071065197716
Samba,180,107,0.5944444444444444,2,27.850647839506173,55,0.3055555555555556,2,265.3933333333334
Sambalpur,180,97,0.5388888888888889,2,10.197683950617284,59,0.3277777777777778,3,310.43506172839506
Sambhal,180,108,0.6,2,31.793529320987655,65,0.3611111111111111,4,343.53444444444443
Sangli,180,70,0.3888888888888889,2,3.6602774691358024,62,0.34444444444444444,2,416.4855246913581
Sangrur,180,122,0.6777777777777778,3,38.49480833333333,64,0.35555555555555557,3,335.8276543209877
Sant,180,83,0.46111111111111114,2,6.8447515432098776,66,0.36666666666666664,3,470.0151543209877
Saraikela,179,103,0.5754189944134078,2,16.773729908554667,64,0.3575418994413408,3,404.860210355482
Saran,179,103,0.5754189944134078,2,16.983113510814267,67,0.3743016759776536,2,425.37280359539346
Satara,180,70,0.3888888888888889,2,3.2941098765432097,67,0.37222222222222223,4,408.5252777777777
Satna,180,105,0.5833333333333334,2,23.8249987654321,61,0.3388888888888889,2,367.410987654321
Sawai Madhopur,180,109,0.6055555555555555,2,24.310336728395058,60,0.3333333333333333,2,298.74000000000007
Sehore,180,77,0.42777777777777776,4,9.657344135802468,62,0.34444444444444444,4,422.1433333333334
Seoni,179,86,0.48044692737430167,2,7.912184388751912,73,0.40782122905027934,4,441.41312693111945
Serchhip,180,105,0.5833333333333334,2,19.95885524691358,44,0.24444444444444444,6,203.79555555555555
Shahdara,180,29,0.16111111111111112,4,40.07673333333333,38,0.2111111111111111,3,206.8986111111111
Shahdol,180,106,0.5888888888888889,2,16.741765432098763,69,0.38333333333333336,2,417.1714506172839
Shahjahanpur,180,108,0.6,2,30.927381172839507,63,0.35,3,370.36
Shajapur,180,93,0.5166666666666667,2,8.932628395061728,69,0.38333333333333336,2,419.86777777777775
Sheikhpura,180,119,0.6611111111111111,3,31.748892283950617,62,0.34444444444444444,2,408.6833024691357
Sheohar,180,119,0.6611111111111111,2,27.473865432098762,66,0.36666666666666664,3,287.1180246913581
Sheopur,180,111,0.6166666666666667,2,20.682122222222223,65,0.3611111111111111,3,348.23580246913576
Shimla,179,111,0.6201117318435754,3,17.00346431135108,65,0.36312849162011174,2,343.6521332043319
Shimoga,180,56,0.3111111111111111,2,2.3042222222222217,59,0.3277777777777778,2,264.0758950617284
Shivpuri,180,105,0.5833333333333334,3,18.70608487654321,60,0.3333333333333333,3,379.2277469135803
Shupiyan,180,115,0.6388888888888888,2,28.708506172839503,64,0.35555555555555557,3,391.83145061728396
Siang,294,101,0.3435374149659864,4,11.792114049701514,73,0.24829931972789115,6,426.952612337452
Siddipet,180,74,0.4111111111111111,2,4.531265432098766,64,0.35555555555555557,2,326.78083333333336
Sidhi,180,114,0.6333333333333333,2,19.68569722222222,67,0.37222222222222223,3,392.03070987654326
Sikar,180,113,0.6277777777777778,2,34.57485061728395,61,0.3388888888888889,2,273.69555555555553
Simdega,180,96,0.5333333333333333,3,13.900633024691357,68,0.37777777777777777,2,393.3476543209876
Sirmaur,180,122,0.6777777777777778,2,27.709480246913582,63,0.35,3,335.57194444444445
Sirohi,180,96,0.5333333333333333,2,20.88809722222222,68,0.37777777777777777,2,348.2254320987654
Sirsa,180,115,0.6388888888888888,2,40.40846172839507,56,0.3111111111111111,4,267.1124691358024
Sitamarhi,180,119,0.6611111111111111,2,27.428795061728398,65,0.3611111111111111,3,287.5233333333333
Sitapur,180,115,0.6388888888888888,2,29.037684876543203,62,0.34444444444444444,2,312.56972222222225
Sivaganga,180,37,0.20555555555555555,4,2.068373765432099,31,0.17222222222222222,7,63.005277777777785
Siwan,180,128,0.7111111111111111,2,29.47843055555556,64,0.35555555555555557,2,310.54305555555555
Solan,180,126,0.7,3,36.04794166666666,65,0.3611111111111111,2,340.3603395061728
Solapur,180,76,0.4222222222222222,2,5.768220987654321,70,0.3888888888888889,3,385.758024691358
Somnath,180,65,0.3611111111111111,3,4.351233333333333,61,0.3388888888888889,2,279.5877777777778
Sonipat,180,34,0.18888888888888888,5,39.164010802469136,39,0.21666666666666667,3,217.34209876543204
South Salmara,187,94,0.5026737967914439,3,14.833374131373503,64,0.3422459893048128,2,325.35657296462585
South Suburban,180,24,0.13333333333333333,4,21.567698765432105,26,0.14444444444444443,8,93.80358024691358
Srikakulam,180,83,0.46111111111111114,3,6.540252777777779,31,0.17222222222222222,4,47.27959876543209
Srinagar,179,116,0.6480446927374302,2,29.015809119565557,68,0.37988826815642457,3,425.36150557098716
Sukma,180,87,0.48333333333333334,3,7.3012888888888865,54,0.3,3,273.2961728395062
Sultanpur,180,114,0.6333333333333333,2,29.737598765432104,61,0.3388888888888889,3,359.5652777777778
Sundargarh,180,99,0.55,3,12.126776543209877,65,0.3611111111111111,2,363.2833024691358
Supaul,180,113,0.6277777777777778,2,25.595183950617283,61,0.3388888888888889,3,334.268487654321
Surajpur,180,113,0.6277777777777778,2,25.75322222222222,59,0.3277777777777778,3,259.7828395061728
Surat,180,66,0.36666666666666664,3,3.0027839506172835,59,0.3277777777777778,3,356.1346913580247
Surendranagar,180,83,0.46111111111111114,2,10.492813580246912,61,0.3388888888888889,2,293.11638888888893
Surguja,180,97,0.5388888888888889,3,17.61605524691358,67,0.37222222222222223,2,373.1488888888889
Suryapet,180,70,0.3888888888888889,3,3.9554626543209874,44,0.24444444444444444,3,115.34182098765432
Talab Data,162,109,0.6728395061728395,2,28.27351356500533,51,0.3148148148148148,2,268.05963267794544
Tamenglong,180,96,0.5333333333333333,3,17.718488888888892,47,0.2611111111111111,5,193.66108024691357
Tarn Taran,179,27,0.15083798882681565,3,46.25543272681877,19,0.10614525139664804,15,83.50507162697794
Tawang,180,110,0.6111111111111112,2,17.14368487654321,46,0.25555555555555554,4,134.99663580246914
Tehri-Garhwal,179,116,0.6480446927374302,3,29.842939983146593,60,0.33519553072625696,3,281.38653600074906
Tenkasi,179,57,0.31843575418994413,9,8.588500983115384,25,0.13966480446927373,5,60.83118504416217
Thane,180,12,0.06666666666666667,6,2.4685219135802474,40,0.2222222222222222,4,375.61777777777786
Thanjavur,180,12,0.06666666666666667,6,2.1394996913580244,12,0.06666666666666667,6,40.41555555555555
Thiruvananthapuram,180,9,0.05,6,1.6409416666666667,13,0.07222222222222222,5,54.95506172839506
Thiruvarur,180,54,0.3,3,2.3292404320987656,31,0.17222222222222222,3,47.771111111111104
Thoubal,180,96,0.5333333333333333,3,23.636295061728394,42,0.23333333333333334,4,163.4087654320988
Thrissur,180,13,0.07222222222222222,6,1.6334750000000002,14,0.07777777777777778,15,63.557376543209884
Tikamgarh,180,108,0.6,2,21.104766666666666,70,0.3888888888888889,3,351.5299691358025
Tinsukia,180,99,0.55,2,18.87633209876543,46,0.25555555555555554,6,214.89070987654316
Tirap,180,104,0.5777777777777777,2,29.08114691358025,40,0.2222222222222222,3,138.76083333333332
Tiruchirappalli,180,11,0.06111111111111111,6,2.0336654320987657,11,0.06111111111111111,6,39.89194444444444
Tirunelveli,179,55,0.30726256983240224,3,2.3596310976561283,36,0.2011173184357542,2,71.63446833744266
Tiruppur,180,13,0.07222222222222222,5,2.3043885802469135,28,0.15555555555555556,4,175.1833024691358
Tiruvannamalai,180,69,0.38333333333333336,2,4.394272839506173,32,0.17777777777777778,2,60.583055555555546
Tonk,180,102,0.5666666666666667,3,26.243492283950616,57,0.31666666666666665,2,299.9003395061728
Tuensang,180,101,0.5611111111111111,3,44.06845555555556,32,0.17777777777777778,7,68.7363888888889
Tumkur,180,58,0.32222222222222224,3,3.1181145061728395,45,0.25,4,180.6161728395062
Udaipur,352,168,0.4772727272727273,2,26.569993462680785,79,0.22443181818181818,4,440.31198347107437
Udalguri,180,115,0.6388888888888888,2,22.830114506172837,54,0.3,3,227.85617283950617
Udhampur,180,125,0.6944444444444444,3,71.16453209876543,64,0.35555555555555557,2,333.02777777777777
Udupi,179,14,0.0782122905027933,6,1.4718660466277582,16,0.0893854748603352,5,66.13669985331296
Ujjain,179,41,0.22905027932960895,4,8.09407197028807,42,0.2346368715083799,5,246.71814238007556
Ukhrul,180,100,0.5555555555555556,2,18.89214320987654,44,0.24444444444444444,5,152.14972222222224
Umaria,179,105,0.5865921787709497,2,15.308261290221902,70,0.39106145251396646,2,425.4757966355607
Una,180,74,0.4111111111111111,2,4.587587654320989,66,0.36666666666666664,3,372.67194444444453
Unnao,180,32,0.17777777777777778,6,37.123929320987656,30,0.16666666666666666,5,163.21416666666664
Upper Tirupati,180,82,0.45555555555555555,2,7.299754320987656,34,0.18888888888888888,3,85.2283950617284
Uttarkashi,180,134,0.7444444444444445,3,56.23722561728394,66,0.36666666666666664,2,301.65913580246917
Vadodara,180,81,0.45,2,6.379040432098766,69,0.38333333333333336,3,436.9122222222223
Valsad,180,65,0.3611111111111111,3,2.878586111111111,61,0.3388888888888889,2,362.2541666666667
Varanasi,180,116,0.6444444444444445,2,27.442652777777777,62,0.34444444444444444,3,338.1958024691358
Vellore,180,82,0.45555555555555555,3,6.439683950617285,34,0.18888888888888888,3,80.27811728395062
Vidisha,180,81,0.45,4,12.370091358024691,62,0.34444444444444444,4,391.46108024691347
Vikarabad,180,18,0.1,9,4.596677777777778,28,0.15555555555555556,4,123.45506172839507
Visakhapatnam,180,64,0.35555555555555557,2,3.515265432098766,32,0.17777777777777778,3,42.56478395061728
Vizianagaram,180,87,0.48333333333333334,3,6.524319444444445,32,0.17777777777777778,2,49.223333333333336
Wanaparthy,180,69,0.38333333333333336,2,4.415899691358025,59,0.3277777777777778,3,240.45617283950617
Warangal,180,70,0.3888888888888889,3,5.310744135802469,59,0.3277777777777778,2,276.3222222222222
Wardha,180,22,0.12222222222222222,5,9.945066666666666,32,0.17777777777777778,7,148.90033950617283
Washim,180,77,0.42777777777777776,2,5.107135802469136,66,0.36666666666666664,2,458.8497222222223
West Godavari,180,69,0.38333333333333336,4,5.4287580246913585,29,0.16111111111111112,3,39.731944444444444
Wokha,180,132,0.7333333333333333,2,43.064776543209874,39,0.21666666666666667,6,97.64108024691357
Yadgir,180,79,0.4388888888888889,2,5.297128395061729,67,0.37222222222222223,3,344.86777777777775
Yamunanagar,180,111,0.6166666666666667,4,28.402874999999998,65,0.3611111111111111,4,322.32404320987655
Yanam,180,72,0.4,2,4.9384749999999995,26,0.14444444444444443,3,46.61098765432099
Yavatmal,180,83,0.46111111111111114,2,6.711844444444445,73,0.40555555555555556,2,465.0777777777778
Zunheboto,180,85,0.4722222222222222,2,18.393907098765432,34,0.18888888888888888,7,80.2121913580247
